Country,Continent,Risk Score,Advisory Message,Last Updated,Source
Andorra,EU,3.0,Andorra has a current risk level of 3 (out of 5). We advise: Use some caution when travelling Andorra.,2024-08-13 08:21:03,https://www.travel-advisory.info/andorra
United Arab Emirates,AS,3.2,United Arab Emirates has a current risk level of 3.2 (out of 5). We advise: Use some caution when travelling United Arab Emirates.,2024-08-13 08:21:03,https://www.travel-advisory.info/united-arab-emirates
Afghanistan,AS,5.0,Afghanistan has a current risk level of 5 (out of 5). We advise: It is not safe to travel Afghanistan.,2024-08-13 08:21:03,https://www.travel-advisory.info/afghanistan
Antigua and Barbuda,NA,2.5,Antigua and Barbuda has a current risk level of 2.5 (out of 5). We advise: Use some caution when travelling Antigua and Barbuda.,2024-08-13 08:21:03,https://www.travel-advisory.info/antigua-and-barbuda
Anguilla,NA,2.5,Anguilla has a current risk level of 2.5 (out of 5). We advise: Use some caution when travelling Anguilla.,2024-08-13 08:21:03,https://www.travel-advisory.info/anguilla
Albania,EU,3.6,Albania has a current risk level of 3.6 (out of 5). We advise: Please reconsider your need to travel to Albania.,2024-08-13 08:21:03,https://www.travel-advisory.info/albania
Armenia,AS,3.3,Armenia has a current risk level of 3.3 (out of 5). We advise: Use some caution when travelling Armenia.,2024-08-13 08:21:03,https://www.travel-advisory.info/armenia
Angola,AF,3.0,Angola has a current risk level of 3 (out of 5). We advise: Use some caution when travelling Angola.,2024-08-13 08:21:03,https://www.travel-advisory.info/angola
Argentina,SA,3.2,Argentina has a current risk level of 3.2 (out of 5). We advise: Use some caution when travelling Argentina.,2024-08-13 08:21:03,https://www.travel-advisory.info/argentina
American Samoa,OC,0.0,American Samoa has a current risk level of 0 (out of 5). We advise: Travelling American Samoa is (relatively) safe.,2024-08-13 08:21:03,https://www.travel-advisory.info/american-samoa
Austria,EU,3.0,Austria has a current risk level of 3 (out of 5). We advise: Use some caution when travelling Austria.,2024-08-13 08:21:03,https://www.travel-advisory.info/austria
Australia,OC,2.3,Australia has a current risk level of 2.3 (out of 5). We advise: Travelling Australia is (relatively) safe.,2024-08-13 08:21:03,https://www.travel-advisory.info/australia
Aruba,NA,1.0,Aruba has a current risk level of 1 (out of 5). We advise: Travelling Aruba is (relatively) safe.,2024-08-13 08:21:03,https://www.travel-advisory.info/aruba
Azerbaijan,AS,3.3,Azerbaijan has a current risk level of 3.3 (out of 5). We advise: Use some caution when travelling Azerbaijan.,2024-08-13 08:21:03,https://www.travel-advisory.info/azerbaijan
Bosnia and Herzegovina,EU,3.5,Bosnia and Herzegovina has a current risk level of 3.5 (out of 5). We advise: Please reconsider your need to travel to Bosnia and Herzegovina.,2024-08-13 08:21:03,https://www.travel-advisory.info/bosnia-and-herzegovina
Barbados,NA,2.5,Barbados has a current risk level of 2.5 (out of 5). We advise: Use some caution when travelling Barbados.,2024-08-13 08:21:03,https://www.travel-advisory.info/barbados
Bangladesh,AS,4.1,Bangladesh has a current risk level of 4.1 (out of 5). We advise: Please reconsider your need to travel to Bangladesh.,2024-08-13 08:21:03,https://www.travel-advisory.info/bangladesh
Belgium,EU,3.0,Belgium has a current risk level of 3 (out of 5). We advise: Use some caution when travelling Belgium.,2024-08-13 08:21:03,https://www.travel-advisory.info/belgium
Burkina Faso,AF,4.1,Burkina Faso has a current risk level of 4.1 (out of 5). We advise: Please reconsider your need to travel to Burkina Faso.,2024-08-13 08:21:03,https://www.travel-advisory.info/burkina-faso
Bulgaria,EU,2.8,Bulgaria has a current risk level of 2.8 (out of 5). We advise: Use some caution when travelling Bulgaria.,2024-08-13 08:21:03,https://www.travel-advisory.info/bulgaria
Bahrain,AS,3.5,Bahrain has a current risk level of 3.5 (out of 5). We advise: Please reconsider your need to travel to Bahrain.,2024-08-13 08:21:03,https://www.travel-advisory.info/bahrain
Burundi,AF,4.0,Burundi has a current risk level of 4 (out of 5). We advise: Please reconsider your need to travel to Burundi.,2024-08-13 08:21:03,https://www.travel-advisory.info/burundi
Benin,AF,3.2,Benin has a current risk level of 3.2 (out of 5). We advise: Use some caution when travelling Benin.,2024-08-13 08:21:03,https://www.travel-advisory.info/benin
Saint Barthélemy,NA,0.0,Saint Barthélemy has a current risk level of 0 (out of 5). We advise: Travelling Saint Barthélemy is (relatively) safe.,2024-08-13 08:21:03,https://www.travel-advisory.info/saint-barthelemy
Bermuda,NA,2.5,Bermuda has a current risk level of 2.5 (out of 5). We advise: Use some caution when travelling Bermuda.,2024-08-13 08:21:03,https://www.travel-advisory.info/bermuda
Brunei,AS,3.0,Brunei has a current risk level of 3 (out of 5). We advise: Use some caution when travelling Brunei.,2024-08-13 08:21:03,https://www.travel-advisory.info/brunei
Bolivia,SA,3.2,Bolivia has a current risk level of 3.2 (out of 5). We advise: Use some caution when travelling Bolivia.,2024-08-13 08:21:03,https://www.travel-advisory.info/bolivia
Brazil,SA,3.1,Brazil has a current risk level of 3.1 (out of 5). We advise: Use some caution when travelling Brazil.,2024-08-13 08:21:03,https://www.travel-advisory.info/brazil
Bahamas,NA,3.0,Bahamas has a current risk level of 3 (out of 5). We advise: Use some caution when travelling Bahamas.,2024-08-13 08:21:03,https://www.travel-advisory.info/bahamas
Bhutan,AS,3.0,Bhutan has a current risk level of 3 (out of 5). We advise: Use some caution when travelling Bhutan.,2024-08-13 08:21:03,https://www.travel-advisory.info/bhutan
Botswana,AF,3.0,Botswana has a current risk level of 3 (out of 5). We advise: Use some caution when travelling Botswana.,2024-08-13 08:21:03,https://www.travel-advisory.info/botswana
Belarus,EU,4.9,Belarus has a current risk level of 4.9 (out of 5). We advise: It is not safe to travel Belarus.,2024-08-13 08:21:03,https://www.travel-advisory.info/belarus
Belize,NA,3.0,Belize has a current risk level of 3 (out of 5). We advise: Use some caution when travelling Belize.,2024-08-13 08:21:03,https://www.travel-advisory.info/belize
Canada,NA,2.8,Canada has a current risk level of 2.8 (out of 5). We advise: Use some caution when travelling Canada.,2024-08-13 08:21:03,https://www.travel-advisory.info/canada
Cocos Islands,SA,0.0,Cocos Islands has a current risk level of 0 (out of 5). We advise: Travelling Cocos Islands is (relatively) safe.,2024-08-13 08:21:03,https://www.travel-advisory.info/cocos-islands
Democratic Republic of the Congo,AF,3.7,Democratic Republic of the Congo has a current risk level of 3.7 (out of 5). We advise: Please reconsider your need to travel to Democratic Republic of the Congo.,2024-08-13 08:21:03,https://www.travel-advisory.info/democratic-republic-of-the-congo
Central African Republic,AF,5.0,Central African Republic has a current risk level of 5 (out of 5). We advise: It is not safe to travel Central African Republic.,2024-08-13 08:21:03,https://www.travel-advisory.info/central-african-republic
Republic of the Congo,AF,2.7,Republic of the Congo has a current risk level of 2.7 (out of 5). We advise: Use some caution when travelling Republic of the Congo.,2024-08-13 08:21:03,https://www.travel-advisory.info/republic-of-the-congo
Switzerland,EU,4.0,Switzerland has a current risk level of 4 (out of 5). We advise: Please reconsider your need to travel to Switzerland.,2024-08-13 08:21:03,https://www.travel-advisory.info/switzerland
Ivory Coast,AF,3.3,Ivory Coast has a current risk level of 3.3 (out of 5). We advise: Use some caution when travelling Ivory Coast.,2024-08-13 08:21:03,https://www.travel-advisory.info/ivory-coast
Cook Islands,OC,5.0,Cook Islands has a current risk level of 5 (out of 5). We advise: It is not safe to travel Cook Islands.,2024-08-13 08:21:03,https://www.travel-advisory.info/cook-islands
Chile,SA,3.3,Chile has a current risk level of 3.3 (out of 5). We advise: Use some caution when travelling Chile.,2024-08-13 08:21:03,https://www.travel-advisory.info/chile
Cameroon,AF,3.2,Cameroon has a current risk level of 3.2 (out of 5). We advise: Use some caution when travelling Cameroon.,2024-08-13 08:21:03,https://www.travel-advisory.info/cameroon
China,AS,3.4,China has a current risk level of 3.4 (out of 5). We advise: Use some caution when travelling China.,2024-08-13 08:21:03,https://www.travel-advisory.info/china
Colombia,SA,3.3,Colombia has a current risk level of 3.3 (out of 5). We advise: Use some caution when travelling Colombia.,2024-08-13 08:21:03,https://www.travel-advisory.info/colombia
Costa Rica,NA,3.3,Costa Rica has a current risk level of 3.3 (out of 5). We advise: Use some caution when travelling Costa Rica.,2024-08-13 08:21:03,https://www.travel-advisory.info/costa-rica
Cuba,NA,2.8,Cuba has a current risk level of 2.8 (out of 5). We advise: Use some caution when travelling Cuba.,2024-08-13 08:21:03,https://www.travel-advisory.info/cuba
Cape Verde,AF,2.5,Cape Verde has a current risk level of 2.5 (out of 5). We advise: Use some caution when travelling Cape Verde.,2024-08-13 08:21:03,https://www.travel-advisory.info/cape-verde
Christmas Island,OC,0.0,Christmas Island has a current risk level of 0 (out of 5). We advise: Travelling Christmas Island is (relatively) safe.,2024-08-13 08:21:03,https://www.travel-advisory.info/christmas-island
Cyprus,EU,3.0,Cyprus has a current risk level of 3 (out of 5). We advise: Use some caution when travelling Cyprus.,2024-08-13 08:21:03,https://www.travel-advisory.info/cyprus
Czech Republic,EU,3.2,Czech Republic has a current risk level of 3.2 (out of 5). We advise: Use some caution when travelling Czech Republic.,2024-08-13 08:21:03,https://www.travel-advisory.info/czech-republic
Germany,EU,3.0,Germany has a current risk level of 3 (out of 5). We advise: Use some caution when travelling Germany.,2024-08-13 08:21:03,https://www.travel-advisory.info/germany
Djibouti,AF,3.2,Djibouti has a current risk level of 3.2 (out of 5). We advise: Use some caution when travelling Djibouti.,2024-08-13 08:21:03,https://www.travel-advisory.info/djibouti
Denmark,EU,3.2,Denmark has a current risk level of 3.2 (out of 5). We advise: Use some caution when travelling Denmark.,2024-08-13 08:21:03,https://www.travel-advisory.info/denmark
Dominica,NA,2.5,Dominica has a current risk level of 2.5 (out of 5). We advise: Use some caution when travelling Dominica.,2024-08-13 08:21:03,https://www.travel-advisory.info/dominica
Dominican Republic,NA,3.0,Dominican Republic has a current risk level of 3 (out of 5). We advise: Use some caution when travelling Dominican Republic.,2024-08-13 08:21:03,https://www.travel-advisory.info/dominican-republic
Algeria,AF,3.0,Algeria has a current risk level of 3 (out of 5). We advise: Use some caution when travelling Algeria.,2024-08-13 08:21:03,https://www.travel-advisory.info/algeria
Ecuador,SA,3.3,Ecuador has a current risk level of 3.3 (out of 5). We advise: Use some caution when travelling Ecuador.,2024-08-13 08:21:03,https://www.travel-advisory.info/ecuador
Estonia,EU,2.6,Estonia has a current risk level of 2.6 (out of 5). We advise: Use some caution when travelling Estonia.,2024-08-13 08:21:03,https://www.travel-advisory.info/estonia
Egypt,AF,3.4,Egypt has a current risk level of 3.4 (out of 5). We advise: Use some caution when travelling Egypt.,2024-08-13 08:21:03,https://www.travel-advisory.info/egypt
Western Sahara,AF,0.0,Western Sahara has a current risk level of 0 (out of 5). We advise: Travelling Western Sahara is (relatively) safe.,2024-08-13 08:21:03,https://www.travel-advisory.info/western-sahara
Eritrea,AF,3.2,Eritrea has a current risk level of 3.2 (out of 5). We advise: Use some caution when travelling Eritrea.,2024-08-13 08:21:03,https://www.travel-advisory.info/eritrea
Spain,EU,3.0,Spain has a current risk level of 3 (out of 5). We advise: Use some caution when travelling Spain.,2024-08-13 08:21:03,https://www.travel-advisory.info/spain
Ethiopia,AF,3.5,Ethiopia has a current risk level of 3.5 (out of 5). We advise: Please reconsider your need to travel to Ethiopia.,2024-08-13 08:21:03,https://www.travel-advisory.info/ethiopia
Finland,EU,3.0,Finland has a current risk level of 3 (out of 5). We advise: Use some caution when travelling Finland.,2024-08-13 08:21:03,https://www.travel-advisory.info/finland
Fiji,OC,3.0,Fiji has a current risk level of 3 (out of 5). We advise: Use some caution when travelling Fiji.,2024-08-13 08:21:03,https://www.travel-advisory.info/fiji
Falkland Islands,SA,0.0,Falkland Islands has a current risk level of 0 (out of 5). We advise: Travelling Falkland Islands is (relatively) safe.,2024-08-13 08:21:03,https://www.travel-advisory.info/falkland-islands
Micronesia,OC,1.0,Micronesia has a current risk level of 1 (out of 5). We advise: Travelling Micronesia is (relatively) safe.,2024-08-13 08:21:03,https://www.travel-advisory.info/micronesia
Faroe Islands,EU,0.0,Faroe Islands has a current risk level of 0 (out of 5). We advise: Travelling Faroe Islands is (relatively) safe.,2024-08-13 08:21:03,https://www.travel-advisory.info/faroe-islands
France,EU,3.0,France has a current risk level of 3 (out of 5). We advise: Use some caution when travelling France.,2024-08-13 08:21:03,https://www.travel-advisory.info/france
Gabon,AF,3.5,Gabon has a current risk level of 3.5 (out of 5). We advise: Please reconsider your need to travel to Gabon.,2024-08-13 08:21:03,https://www.travel-advisory.info/gabon
United Kingdom,EU,3.0,United Kingdom has a current risk level of 3 (out of 5). We advise: Use some caution when travelling United Kingdom.,2024-08-13 08:21:03,https://www.travel-advisory.info/united-kingdom
Grenada,NA,2.5,Grenada has a current risk level of 2.5 (out of 5). We advise: Use some caution when travelling Grenada.,2024-08-13 08:21:03,https://www.travel-advisory.info/grenada
Georgia,AS,3.0,Georgia has a current risk level of 3 (out of 5). We advise: Use some caution when travelling Georgia.,2024-08-13 08:21:03,https://www.travel-advisory.info/georgia
French Guiana,SA,4.0,French Guiana has a current risk level of 4 (out of 5). We advise: Please reconsider your need to travel to French Guiana.,2024-08-13 08:21:03,https://www.travel-advisory.info/french-guiana
Guernsey,EU,0.0,Guernsey has a current risk level of 0 (out of 5). We advise: Travelling Guernsey is (relatively) safe.,2024-08-13 08:21:03,https://www.travel-advisory.info/guernsey
Ghana,AF,3.4,Ghana has a current risk level of 3.4 (out of 5). We advise: Use some caution when travelling Ghana.,2024-08-13 08:21:03,https://www.travel-advisory.info/ghana
Gibraltar,EU,0.0,Gibraltar has a current risk level of 0 (out of 5). We advise: Travelling Gibraltar is (relatively) safe.,2024-08-13 08:21:03,https://www.travel-advisory.info/gibraltar
Greenland,NA,0.0,Greenland has a current risk level of 0 (out of 5). We advise: Travelling Greenland is (relatively) safe.,2024-08-13 08:21:03,https://www.travel-advisory.info/greenland
Gambia,AF,2.8,Gambia has a current risk level of 2.8 (out of 5). We advise: Use some caution when travelling Gambia.,2024-08-13 08:21:03,https://www.travel-advisory.info/gambia
Guinea,AF,4.0,Guinea has a current risk level of 4 (out of 5). We advise: Please reconsider your need to travel to Guinea.,2024-08-13 08:21:03,https://www.travel-advisory.info/guinea
Guadeloupe,NA,4.0,Guadeloupe has a current risk level of 4 (out of 5). We advise: Please reconsider your need to travel to Guadeloupe.,2024-08-13 08:21:03,https://www.travel-advisory.info/guadeloupe
Equatorial Guinea,AF,3.0,Equatorial Guinea has a current risk level of 3 (out of 5). We advise: Use some caution when travelling Equatorial Guinea.,2024-08-13 08:21:03,https://www.travel-advisory.info/equatorial-guinea
Greece,EU,2.8,Greece has a current risk level of 2.8 (out of 5). We advise: Use some caution when travelling Greece.,2024-08-13 08:21:03,https://www.travel-advisory.info/greece
South Georgia and the South Sandwich Islands,AN,0.0,South Georgia and the South Sandwich Islands has a current risk level of 0 (out of 5). We advise: Travelling South Georgia and the South Sandwich Islands is (relatively) safe.,2024-08-13 08:21:03,https://www.travel-advisory.info/south-georgia-and-the-south-sandwich-islands
Guatemala,NA,3.4,Guatemala has a current risk level of 3.4 (out of 5). We advise: Use some caution when travelling Guatemala.,2024-08-13 08:21:03,https://www.travel-advisory.info/guatemala
Guam,OC,4.0,Guam has a current risk level of 4 (out of 5). We advise: Please reconsider your need to travel to Guam.,2024-08-13 08:21:03,https://www.travel-advisory.info/guam
Guinea-Bissau,AF,3.0,Guinea-Bissau has a current risk level of 3 (out of 5). We advise: Use some caution when travelling Guinea-Bissau.,2024-08-13 08:21:03,https://www.travel-advisory.info/guinea-bissau
Guyana,SA,4.0,Guyana has a current risk level of 4 (out of 5). We advise: Please reconsider your need to travel to Guyana.,2024-08-13 08:21:03,https://www.travel-advisory.info/guyana
Hong Kong,AS,3.6,Hong Kong has a current risk level of 3.6 (out of 5). We advise: Please reconsider your need to travel to Hong Kong.,2024-08-13 08:21:03,https://www.travel-advisory.info/hong-kong
Honduras,NA,3.4,Honduras has a current risk level of 3.4 (out of 5). We advise: Use some caution when travelling Honduras.,2024-08-13 08:21:03,https://www.travel-advisory.info/honduras
Croatia,EU,2.8,Croatia has a current risk level of 2.8 (out of 5). We advise: Use some caution when travelling Croatia.,2024-08-13 08:21:03,https://www.travel-advisory.info/croatia
Haiti,NA,4.8,Haiti has a current risk level of 4.8 (out of 5). We advise: It is not safe to travel Haiti.,2024-08-13 08:21:03,https://www.travel-advisory.info/haiti
Hungary,EU,2.8,Hungary has a current risk level of 2.8 (out of 5). We advise: Use some caution when travelling Hungary.,2024-08-13 08:21:03,https://www.travel-advisory.info/hungary
Indonesia,AS,3.4,Indonesia has a current risk level of 3.4 (out of 5). We advise: Use some caution when travelling Indonesia.,2024-08-13 08:21:03,https://www.travel-advisory.info/indonesia
Ireland,EU,2.5,Ireland has a current risk level of 2.5 (out of 5). We advise: Use some caution when travelling Ireland.,2024-08-13 08:21:03,https://www.travel-advisory.info/ireland
Israel,AS,4.2,Israel has a current risk level of 4.2 (out of 5). We advise: Please reconsider your need to travel to Israel.,2024-08-13 08:21:03,https://www.travel-advisory.info/israel
Isle of Man,EU,0.0,Isle of Man has a current risk level of 0 (out of 5). We advise: Travelling Isle of Man is (relatively) safe.,2024-08-13 08:21:03,https://www.travel-advisory.info/isle-of-man
India,AS,3.4,India has a current risk level of 3.4 (out of 5). We advise: Use some caution when travelling India.,2024-08-13 08:21:03,https://www.travel-advisory.info/india
Iraq,AS,4.8,Iraq has a current risk level of 4.8 (out of 5). We advise: It is not safe to travel Iraq.,2024-08-13 08:21:03,https://www.travel-advisory.info/iraq
Iran,AS,4.5,Iran has a current risk level of 4.5 (out of 5). We advise: It is not safe to travel Iran.,2024-08-13 08:21:03,https://www.travel-advisory.info/iran
Iceland,EU,2.8,Iceland has a current risk level of 2.8 (out of 5). We advise: Use some caution when travelling Iceland.,2024-08-13 08:21:03,https://www.travel-advisory.info/iceland
Italy,EU,3.0,Italy has a current risk level of 3 (out of 5). We advise: Use some caution when travelling Italy.,2024-08-13 08:21:03,https://www.travel-advisory.info/italy
Jersey,EU,0.0,Jersey has a current risk level of 0 (out of 5). We advise: Travelling Jersey is (relatively) safe.,2024-08-13 08:21:03,https://www.travel-advisory.info/jersey
Jamaica,NA,3.8,Jamaica has a current risk level of 3.8 (out of 5). We advise: Please reconsider your need to travel to Jamaica.,2024-08-13 08:21:03,https://www.travel-advisory.info/jamaica
Jordan,AS,3.2,Jordan has a current risk level of 3.2 (out of 5). We advise: Use some caution when travelling Jordan.,2024-08-13 08:21:03,https://www.travel-advisory.info/jordan
Japan,AS,2.8,Japan has a current risk level of 2.8 (out of 5). We advise: Use some caution when travelling Japan.,2024-08-13 08:21:03,https://www.travel-advisory.info/japan
Kenya,AF,3.1,Kenya has a current risk level of 3.1 (out of 5). We advise: Use some caution when travelling Kenya.,2024-08-13 08:21:03,https://www.travel-advisory.info/kenya
Kyrgyzstan,AS,2.3,Kyrgyzstan has a current risk level of 2.3 (out of 5). We advise: Travelling Kyrgyzstan is (relatively) safe.,2024-08-13 08:21:03,https://www.travel-advisory.info/kyrgyzstan
Cambodia,AS,3.0,Cambodia has a current risk level of 3 (out of 5). We advise: Use some caution when travelling Cambodia.,2024-08-13 08:21:03,https://www.travel-advisory.info/cambodia
Kiribati,OC,1.0,Kiribati has a current risk level of 1 (out of 5). We advise: Travelling Kiribati is (relatively) safe.,2024-08-13 08:21:03,https://www.travel-advisory.info/kiribati
Comoros,AF,3.0,Comoros has a current risk level of 3 (out of 5). We advise: Use some caution when travelling Comoros.,2024-08-13 08:21:03,https://www.travel-advisory.info/comoros
Saint Kitts and Nevis,NA,2.5,Saint Kitts and Nevis has a current risk level of 2.5 (out of 5). We advise: Use some caution when travelling Saint Kitts and Nevis.,2024-08-13 08:21:03,https://www.travel-advisory.info/saint-kitts-and-nevis
North Korea,AS,4.4,North Korea has a current risk level of 4.4 (out of 5). We advise: Please reconsider your need to travel to North Korea.,2024-08-13 08:21:03,https://www.travel-advisory.info/north-korea
South Korea,AS,2.3,South Korea has a current risk level of 2.3 (out of 5). We advise: Travelling South Korea is (relatively) safe.,2024-08-13 08:21:03,https://www.travel-advisory.info/south-korea
Kuwait,AS,3.2,Kuwait has a current risk level of 3.2 (out of 5). We advise: Use some caution when travelling Kuwait.,2024-08-13 08:21:03,https://www.travel-advisory.info/kuwait
Cayman Islands,NA,2.5,Cayman Islands has a current risk level of 2.5 (out of 5). We advise: Use some caution when travelling Cayman Islands.,2024-08-13 08:21:03,https://www.travel-advisory.info/cayman-islands
Kazakhstan,AS,3.0,Kazakhstan has a current risk level of 3 (out of 5). We advise: Use some caution when travelling Kazakhstan.,2024-08-13 08:21:03,https://www.travel-advisory.info/kazakhstan
Laos,AS,3.0,Laos has a current risk level of 3 (out of 5). We advise: Use some caution when travelling Laos.,2024-08-13 08:21:03,https://www.travel-advisory.info/laos
Lebanon,AS,4.2,Lebanon has a current risk level of 4.2 (out of 5). We advise: Please reconsider your need to travel to Lebanon.,2024-08-13 08:21:03,https://www.travel-advisory.info/lebanon
Saint Lucia,NA,2.5,Saint Lucia has a current risk level of 2.5 (out of 5). We advise: Use some caution when travelling Saint Lucia.,2024-08-13 08:21:03,https://www.travel-advisory.info/saint-lucia
Liechtenstein,EU,2.3,Liechtenstein has a current risk level of 2.3 (out of 5). We advise: Travelling Liechtenstein is (relatively) safe.,2024-08-13 08:21:03,https://www.travel-advisory.info/liechtenstein
Sri Lanka,AS,3.1,Sri Lanka has a current risk level of 3.1 (out of 5). We advise: Use some caution when travelling Sri Lanka.,2024-08-13 08:21:03,https://www.travel-advisory.info/sri-lanka
Liberia,AF,3.5,Liberia has a current risk level of 3.5 (out of 5). We advise: Please reconsider your need to travel to Liberia.,2024-08-13 08:21:03,https://www.travel-advisory.info/liberia
Lesotho,AF,3.0,Lesotho has a current risk level of 3 (out of 5). We advise: Use some caution when travelling Lesotho.,2024-08-13 08:21:03,https://www.travel-advisory.info/lesotho
Lithuania,EU,2.6,Lithuania has a current risk level of 2.6 (out of 5). We advise: Use some caution when travelling Lithuania.,2024-08-13 08:21:03,https://www.travel-advisory.info/lithuania
Luxembourg,EU,2.3,Luxembourg has a current risk level of 2.3 (out of 5). We advise: Travelling Luxembourg is (relatively) safe.,2024-08-13 08:21:03,https://www.travel-advisory.info/luxembourg
Latvia,EU,2.6,Latvia has a current risk level of 2.6 (out of 5). We advise: Use some caution when travelling Latvia.,2024-08-13 08:21:03,https://www.travel-advisory.info/latvia
Libya,AF,5.0,Libya has a current risk level of 5 (out of 5). We advise: It is not safe to travel Libya.,2024-08-13 08:21:03,https://www.travel-advisory.info/libya
Morocco,AF,3.0,Morocco has a current risk level of 3 (out of 5). We advise: Use some caution when travelling Morocco.,2024-08-13 08:21:03,https://www.travel-advisory.info/morocco
Monaco,EU,3.0,Monaco has a current risk level of 3 (out of 5). We advise: Use some caution when travelling Monaco.,2024-08-13 08:21:03,https://www.travel-advisory.info/monaco
Moldova,EU,3.0,Moldova has a current risk level of 3 (out of 5). We advise: Use some caution when travelling Moldova.,2024-08-13 08:21:03,https://www.travel-advisory.info/moldova
Montenegro,EU,3.2,Montenegro has a current risk level of 3.2 (out of 5). We advise: Use some caution when travelling Montenegro.,2024-08-13 08:21:03,https://www.travel-advisory.info/montenegro
Saint Martin,NA,0.0,Saint Martin has a current risk level of 0 (out of 5). We advise: Travelling Saint Martin is (relatively) safe.,2024-08-13 08:21:03,https://www.travel-advisory.info/saint-martin
Madagascar,AF,3.0,Madagascar has a current risk level of 3 (out of 5). We advise: Use some caution when travelling Madagascar.,2024-08-13 08:21:03,https://www.travel-advisory.info/madagascar
Marshall Islands,OC,3.0,Marshall Islands has a current risk level of 3 (out of 5). We advise: Use some caution when travelling Marshall Islands.,2024-08-13 08:21:03,https://www.travel-advisory.info/marshall-islands
Macedonia,EU,2.3,Macedonia has a current risk level of 2.3 (out of 5). We advise: Travelling Macedonia is (relatively) safe.,2024-08-13 08:21:03,https://www.travel-advisory.info/macedonia
Mali,AF,4.6,Mali has a current risk level of 4.6 (out of 5). We advise: It is not safe to travel Mali.,2024-08-13 08:21:03,https://www.travel-advisory.info/mali
Myanmar,AS,4.6,Myanmar has a current risk level of 4.6 (out of 5). We advise: It is not safe to travel Myanmar.,2024-08-13 08:21:03,https://www.travel-advisory.info/myanmar
Mongolia,AS,2.8,Mongolia has a current risk level of 2.8 (out of 5). We advise: Use some caution when travelling Mongolia.,2024-08-13 08:21:03,https://www.travel-advisory.info/mongolia
Macao,AS,3.0,Macao has a current risk level of 3 (out of 5). We advise: Use some caution when travelling Macao.,2024-08-13 08:21:03,https://www.travel-advisory.info/macao
Northern Mariana Islands,OC,0.0,Northern Mariana Islands has a current risk level of 0 (out of 5). We advise: Travelling Northern Mariana Islands is (relatively) safe.,2024-08-13 08:21:03,https://www.travel-advisory.info/northern-mariana-islands
Martinique,NA,4.0,Martinique has a current risk level of 4 (out of 5). We advise: Please reconsider your need to travel to Martinique.,2024-08-13 08:21:03,https://www.travel-advisory.info/martinique
Mauritania,AF,3.8,Mauritania has a current risk level of 3.8 (out of 5). We advise: Please reconsider your need to travel to Mauritania.,2024-08-13 08:21:03,https://www.travel-advisory.info/mauritania
Montserrat,NA,2.5,Montserrat has a current risk level of 2.5 (out of 5). We advise: Use some caution when travelling Montserrat.,2024-08-13 08:21:03,https://www.travel-advisory.info/montserrat
Malta,EU,3.0,Malta has a current risk level of 3 (out of 5). We advise: Use some caution when travelling Malta.,2024-08-13 08:21:03,https://www.travel-advisory.info/malta
Mauritius,AF,3.0,Mauritius has a current risk level of 3 (out of 5). We advise: Use some caution when travelling Mauritius.,2024-08-13 08:21:03,https://www.travel-advisory.info/mauritius
Maldives,AS,3.4,Maldives has a current risk level of 3.4 (out of 5). We advise: Use some caution when travelling Maldives.,2024-08-13 08:21:03,https://www.travel-advisory.info/maldives
Malawi,AF,3.0,Malawi has a current risk level of 3 (out of 5). We advise: Use some caution when travelling Malawi.,2024-08-13 08:21:03,https://www.travel-advisory.info/malawi
Mexico,NA,3.6,Mexico has a current risk level of 3.6 (out of 5). We advise: Please reconsider your need to travel to Mexico.,2024-08-13 08:21:03,https://www.travel-advisory.info/mexico
Malaysia,AS,2.8,Malaysia has a current risk level of 2.8 (out of 5). We advise: Use some caution when travelling Malaysia.,2024-08-13 08:21:03,https://www.travel-advisory.info/malaysia
Mozambique,AF,3.0,Mozambique has a current risk level of 3 (out of 5). We advise: Use some caution when travelling Mozambique.,2024-08-13 08:21:03,https://www.travel-advisory.info/mozambique
Namibia,AF,3.0,Namibia has a current risk level of 3 (out of 5). We advise: Use some caution when travelling Namibia.,2024-08-13 08:21:03,https://www.travel-advisory.info/namibia
New Caledonia,OC,4.0,New Caledonia has a current risk level of 4 (out of 5). We advise: Please reconsider your need to travel to New Caledonia.,2024-08-13 08:21:03,https://www.travel-advisory.info/new-caledonia
Niger,AF,4.7,Niger has a current risk level of 4.7 (out of 5). We advise: It is not safe to travel Niger.,2024-08-13 08:21:03,https://www.travel-advisory.info/niger
Norfolk Island,OC,0.0,Norfolk Island has a current risk level of 0 (out of 5). We advise: Travelling Norfolk Island is (relatively) safe.,2024-08-13 08:21:03,https://www.travel-advisory.info/norfolk-island
Nigeria,AF,3.8,Nigeria has a current risk level of 3.8 (out of 5). We advise: Please reconsider your need to travel to Nigeria.,2024-08-13 08:21:03,https://www.travel-advisory.info/nigeria
Nicaragua,NA,3.6,Nicaragua has a current risk level of 3.6 (out of 5). We advise: Please reconsider your need to travel to Nicaragua.,2024-08-13 08:21:03,https://www.travel-advisory.info/nicaragua
Netherlands,EU,3.3,Netherlands has a current risk level of 3.3 (out of 5). We advise: Use some caution when travelling Netherlands.,2024-08-13 08:21:03,https://www.travel-advisory.info/netherlands
Norway,EU,2.8,Norway has a current risk level of 2.8 (out of 5). We advise: Use some caution when travelling Norway.,2024-08-13 08:21:03,https://www.travel-advisory.info/norway
Nepal,AS,3.3,Nepal has a current risk level of 3.3 (out of 5). We advise: Use some caution when travelling Nepal.,2024-08-13 08:21:03,https://www.travel-advisory.info/nepal
Niue,OC,0.0,Niue has a current risk level of 0 (out of 5). We advise: Travelling Niue is (relatively) safe.,2024-08-13 08:21:03,https://www.travel-advisory.info/niue
New Zealand,OC,3.0,New Zealand has a current risk level of 3 (out of 5). We advise: Use some caution when travelling New Zealand.,2024-08-13 08:21:03,https://www.travel-advisory.info/new-zealand
Oman,AS,3.0,Oman has a current risk level of 3 (out of 5). We advise: Use some caution when travelling Oman.,2024-08-13 08:21:03,https://www.travel-advisory.info/oman
Panama,NA,3.0,Panama has a current risk level of 3 (out of 5). We advise: Use some caution when travelling Panama.,2024-08-13 08:21:03,https://www.travel-advisory.info/panama
Peru,SA,3.3,Peru has a current risk level of 3.3 (out of 5). We advise: Use some caution when travelling Peru.,2024-08-13 08:21:03,https://www.travel-advisory.info/peru
French Polynesia,OC,3.0,French Polynesia has a current risk level of 3 (out of 5). We advise: Use some caution when travelling French Polynesia.,2024-08-13 08:21:03,https://www.travel-advisory.info/french-polynesia
Papua New Guinea,OC,3.8,Papua New Guinea has a current risk level of 3.8 (out of 5). We advise: Please reconsider your need to travel to Papua New Guinea.,2024-08-13 08:21:03,https://www.travel-advisory.info/papua-new-guinea
Philippines,AS,3.1,Philippines has a current risk level of 3.1 (out of 5). We advise: Use some caution when travelling Philippines.,2024-08-13 08:21:03,https://www.travel-advisory.info/philippines
Pakistan,AS,3.8,Pakistan has a current risk level of 3.8 (out of 5). We advise: Please reconsider your need to travel to Pakistan.,2024-08-13 08:21:03,https://www.travel-advisory.info/pakistan
Poland,EU,2.8,Poland has a current risk level of 2.8 (out of 5). We advise: Use some caution when travelling Poland.,2024-08-13 08:21:03,https://www.travel-advisory.info/poland
Saint Pierre and Miquelon,NA,0.0,Saint Pierre and Miquelon has a current risk level of 0 (out of 5). We advise: Travelling Saint Pierre and Miquelon is (relatively) safe.,2024-08-13 08:21:03,https://www.travel-advisory.info/saint-pierre-and-miquelon
Pitcairn,OC,0.0,Pitcairn has a current risk level of 0 (out of 5). We advise: Travelling Pitcairn is (relatively) safe.,2024-08-13 08:21:03,https://www.travel-advisory.info/pitcairn
Puerto Rico,NA,4.0,Puerto Rico has a current risk level of 4 (out of 5). We advise: Please reconsider your need to travel to Puerto Rico.,2024-08-13 08:21:03,https://www.travel-advisory.info/puerto-rico
Palestinian Territory,AS,4.0,Palestinian Territory has a current risk level of 4 (out of 5). We advise: Please reconsider your need to travel to Palestinian Territory.,2024-08-13 08:21:03,https://www.travel-advisory.info/palestinian-territory
Portugal,EU,2.8,Portugal has a current risk level of 2.8 (out of 5). We advise: Use some caution when travelling Portugal.,2024-08-13 08:21:03,https://www.travel-advisory.info/portugal
Palau,OC,3.0,Palau has a current risk level of 3 (out of 5). We advise: Use some caution when travelling Palau.,2024-08-13 08:21:03,https://www.travel-advisory.info/palau
Paraguay,SA,3.0,Paraguay has a current risk level of 3 (out of 5). We advise: Use some caution when travelling Paraguay.,2024-08-13 08:21:03,https://www.travel-advisory.info/paraguay
Qatar,AS,3.0,Qatar has a current risk level of 3 (out of 5). We advise: Use some caution when travelling Qatar.,2024-08-13 08:21:03,https://www.travel-advisory.info/qatar
Reunion,AF,4.0,Reunion has a current risk level of 4 (out of 5). We advise: Please reconsider your need to travel to Reunion.,2024-08-13 08:21:03,https://www.travel-advisory.info/reunion
Romania,EU,3.2,Romania has a current risk level of 3.2 (out of 5). We advise: Use some caution when travelling Romania.,2024-08-13 08:21:03,https://www.travel-advisory.info/romania
Serbia,EU,3.4,Serbia has a current risk level of 3.4 (out of 5). We advise: Use some caution when travelling Serbia.,2024-08-13 08:21:03,https://www.travel-advisory.info/serbia
Russia,EU,4.4,Russia has a current risk level of 4.4 (out of 5). We advise: Please reconsider your need to travel to Russia.,2024-08-13 08:21:03,https://www.travel-advisory.info/russia
Rwanda,AF,3.0,Rwanda has a current risk level of 3 (out of 5). We advise: Use some caution when travelling Rwanda.,2024-08-13 08:21:03,https://www.travel-advisory.info/rwanda
Saudi Arabia,AS,3.2,Saudi Arabia has a current risk level of 3.2 (out of 5). We advise: Use some caution when travelling Saudi Arabia.,2024-08-13 08:21:03,https://www.travel-advisory.info/saudi-arabia
Solomon Islands,OC,3.3,Solomon Islands has a current risk level of 3.3 (out of 5). We advise: Use some caution when travelling Solomon Islands.,2024-08-13 08:21:03,https://www.travel-advisory.info/solomon-islands
Seychelles,AF,3.0,Seychelles has a current risk level of 3 (out of 5). We advise: Use some caution when travelling Seychelles.,2024-08-13 08:21:03,https://www.travel-advisory.info/seychelles
Sudan,AF,4.7,Sudan has a current risk level of 4.7 (out of 5). We advise: It is not safe to travel Sudan.,2024-08-13 08:21:03,https://www.travel-advisory.info/sudan
Sweden,EU,3.5,Sweden has a current risk level of 3.5 (out of 5). We advise: Please reconsider your need to travel to Sweden.,2024-08-13 08:21:03,https://www.travel-advisory.info/sweden
Singapore,AS,2.8,Singapore has a current risk level of 2.8 (out of 5). We advise: Use some caution when travelling Singapore.,2024-08-13 08:21:03,https://www.travel-advisory.info/singapore
Saint Helena,AF,0.0,Saint Helena has a current risk level of 0 (out of 5). We advise: Travelling Saint Helena is (relatively) safe.,2024-08-13 08:21:03,https://www.travel-advisory.info/saint-helena
Slovenia,EU,3.0,Slovenia has a current risk level of 3 (out of 5). We advise: Use some caution when travelling Slovenia.,2024-08-13 08:21:03,https://www.travel-advisory.info/slovenia
Svalbard and Jan Mayen,EU,0.0,Svalbard and Jan Mayen has a current risk level of 0 (out of 5). We advise: Travelling Svalbard and Jan Mayen is (relatively) safe.,2024-08-13 08:21:03,https://www.travel-advisory.info/svalbard-and-jan-mayen
Slovakia,EU,3.0,Slovakia has a current risk level of 3 (out of 5). We advise: Use some caution when travelling Slovakia.,2024-08-13 08:21:03,https://www.travel-advisory.info/slovakia
Sierra Leone,AF,3.5,Sierra Leone has a current risk level of 3.5 (out of 5). We advise: Please reconsider your need to travel to Sierra Leone.,2024-08-13 08:21:03,https://www.travel-advisory.info/sierra-leone
San Marino,EU,5.0,San Marino has a current risk level of 5 (out of 5). We advise: It is not safe to travel San Marino.,2024-08-13 08:21:03,https://www.travel-advisory.info/san-marino
Senegal,AF,3.6,Senegal has a current risk level of 3.6 (out of 5). We advise: Please reconsider your need to travel to Senegal.,2024-08-13 08:21:03,https://www.travel-advisory.info/senegal
Somalia,AF,5.0,Somalia has a current risk level of 5 (out of 5). We advise: It is not safe to travel Somalia.,2024-08-13 08:21:03,https://www.travel-advisory.info/somalia
Suriname,SA,2.5,Suriname has a current risk level of 2.5 (out of 5). We advise: Use some caution when travelling Suriname.,2024-08-13 08:21:03,https://www.travel-advisory.info/suriname
South Sudan,AF,5.0,South Sudan has a current risk level of 5 (out of 5). We advise: It is not safe to travel South Sudan.,2024-08-13 08:21:03,https://www.travel-advisory.info/south-sudan
Sao Tome and Principe,AF,2.5,Sao Tome and Principe has a current risk level of 2.5 (out of 5). We advise: Use some caution when travelling Sao Tome and Principe.,2024-08-13 08:21:03,https://www.travel-advisory.info/sao-tome-and-principe
El Salvador,NA,3.3,El Salvador has a current risk level of 3.3 (out of 5). We advise: Use some caution when travelling El Salvador.,2024-08-13 08:21:03,https://www.travel-advisory.info/el-salvador
Syria,AS,5.0,Syria has a current risk level of 5 (out of 5). We advise: It is not safe to travel Syria.,2024-08-13 08:21:03,https://www.travel-advisory.info/syria
Swaziland,AF,2.7,Swaziland has a current risk level of 2.7 (out of 5). We advise: Use some caution when travelling Swaziland.,2024-08-13 08:21:03,https://www.travel-advisory.info/swaziland
Turks and Caicos Islands,NA,3.0,Turks and Caicos Islands has a current risk level of 3 (out of 5). We advise: Use some caution when travelling Turks and Caicos Islands.,2024-08-13 08:21:03,https://www.travel-advisory.info/turks-and-caicos-islands
Chad,AF,3.7,Chad has a current risk level of 3.7 (out of 5). We advise: Please reconsider your need to travel to Chad.,2024-08-13 08:21:03,https://www.travel-advisory.info/chad
Togo,AF,2.5,Togo has a current risk level of 2.5 (out of 5). We advise: Use some caution when travelling Togo.,2024-08-13 08:21:03,https://www.travel-advisory.info/togo
Thailand,AS,2.7,Thailand has a current risk level of 2.7 (out of 5). We advise: Use some caution when travelling Thailand.,2024-08-13 08:21:03,https://www.travel-advisory.info/thailand
Tajikistan,AS,3.0,Tajikistan has a current risk level of 3 (out of 5). We advise: Use some caution when travelling Tajikistan.,2024-08-13 08:21:03,https://www.travel-advisory.info/tajikistan
East Timor,OC,3.2,East Timor has a current risk level of 3.2 (out of 5). We advise: Use some caution when travelling East Timor.,2024-08-13 08:21:03,https://www.travel-advisory.info/east-timor
Turkmenistan,AS,2.6,Turkmenistan has a current risk level of 2.6 (out of 5). We advise: Use some caution when travelling Turkmenistan.,2024-08-13 08:21:03,https://www.travel-advisory.info/turkmenistan
Tunisia,AF,3.0,Tunisia has a current risk level of 3 (out of 5). We advise: Use some caution when travelling Tunisia.,2024-08-13 08:21:03,https://www.travel-advisory.info/tunisia
Tonga,OC,2.5,Tonga has a current risk level of 2.5 (out of 5). We advise: Use some caution when travelling Tonga.,2024-08-13 08:21:03,https://www.travel-advisory.info/tonga
Turkey,AS,3.5,Turkey has a current risk level of 3.5 (out of 5). We advise: Please reconsider your need to travel to Turkey.,2024-08-13 08:21:03,https://www.travel-advisory.info/turkey
Trinidad and Tobago,NA,3.8,Trinidad and Tobago has a current risk level of 3.8 (out of 5). We advise: Please reconsider your need to travel to Trinidad and Tobago.,2024-08-13 08:21:03,https://www.travel-advisory.info/trinidad-and-tobago
Tuvalu,OC,1.0,Tuvalu has a current risk level of 1 (out of 5). We advise: Travelling Tuvalu is (relatively) safe.,2024-08-13 08:21:03,https://www.travel-advisory.info/tuvalu
Taiwan,AS,2.7,Taiwan has a current risk level of 2.7 (out of 5). We advise: Use some caution when travelling Taiwan.,2024-08-13 08:21:03,https://www.travel-advisory.info/taiwan
Tanzania,AF,3.0,Tanzania has a current risk level of 3 (out of 5). We advise: Use some caution when travelling Tanzania.,2024-08-13 08:21:03,https://www.travel-advisory.info/tanzania
Ukraine,EU,4.7,Ukraine has a current risk level of 4.7 (out of 5). We advise: It is not safe to travel Ukraine.,2024-08-13 08:21:03,https://www.travel-advisory.info/ukraine
Uganda,AF,3.5,Uganda has a current risk level of 3.5 (out of 5). We advise: Please reconsider your need to travel to Uganda.,2024-08-13 08:21:03,https://www.travel-advisory.info/uganda
United States,NA,2.7,United States has a current risk level of 2.7 (out of 5). We advise: Use some caution when travelling United States.,2024-08-13 08:21:03,https://www.travel-advisory.info/united-states
Uruguay,SA,3.3,Uruguay has a current risk level of 3.3 (out of 5). We advise: Use some caution when travelling Uruguay.,2024-08-13 08:21:03,https://www.travel-advisory.info/uruguay
Uzbekistan,AS,3.0,Uzbekistan has a current risk level of 3 (out of 5). We advise: Use some caution when travelling Uzbekistan.,2024-08-13 08:21:03,https://www.travel-advisory.info/uzbekistan
Vatican,EU,5.0,Vatican has a current risk level of 5 (out of 5). We advise: It is not safe to travel Vatican.,2024-08-13 08:21:03,https://www.travel-advisory.info/vatican
Saint Vincent and the Grenadines,NA,2.5,Saint Vincent and the Grenadines has a current risk level of 2.5 (out of 5). We advise: Use some caution when travelling Saint Vincent and the Grenadines.,2024-08-13 08:21:03,https://www.travel-advisory.info/saint-vincent-and-the-grenadines
Venezuela,SA,4.1,Venezuela has a current risk level of 4.1 (out of 5). We advise: Please reconsider your need to travel to Venezuela.,2024-08-13 08:21:03,https://www.travel-advisory.info/venezuela
British Virgin Islands,NA,2.5,British Virgin Islands has a current risk level of 2.5 (out of 5). We advise: Use some caution when travelling British Virgin Islands.,2024-08-13 08:21:03,https://www.travel-advisory.info/british-virgin-islands
U.S. Virgin Islands,NA,4.0,U.S. Virgin Islands has a current risk level of 4 (out of 5). We advise: Please reconsider your need to travel to U.S. Virgin Islands.,2024-08-13 08:21:03,https://www.travel-advisory.info/us-virgin-islands
Vietnam,AS,2.7,Vietnam has a current risk level of 2.7 (out of 5). We advise: Use some caution when travelling Vietnam.,2024-08-13 08:21:03,https://www.travel-advisory.info/vietnam
Vanuatu,OC,3.0,Vanuatu has a current risk level of 3 (out of 5). We advise: Use some caution when travelling Vanuatu.,2024-08-13 08:21:03,https://www.travel-advisory.info/vanuatu
Wallis and Futuna,OC,0.0,Wallis and Futuna has a current risk level of 0 (out of 5). We advise: Travelling Wallis and Futuna is (relatively) safe.,2024-08-13 08:21:03,https://www.travel-advisory.info/wallis-and-futuna
Samoa,OC,3.0,Samoa has a current risk level of 3 (out of 5). We advise: Use some caution when travelling Samoa.,2024-08-13 08:21:03,https://www.travel-advisory.info/samoa
Kosovo,EU,3.6,Kosovo has a current risk level of 3.6 (out of 5). We advise: Please reconsider your need to travel to Kosovo.,2024-08-13 08:21:03,https://www.travel-advisory.info/kosovo
Yemen,AS,5.0,Yemen has a current risk level of 5 (out of 5). We advise: It is not safe to travel Yemen.,2024-08-13 08:21:03,https://www.travel-advisory.info/yemen
Mayotte,AF,3.5,Mayotte has a current risk level of 3.5 (out of 5). We advise: Please reconsider your need to travel to Mayotte.,2024-08-13 08:21:03,https://www.travel-advisory.info/mayotte
South Africa,AF,3.4,South Africa has a current risk level of 3.4 (out of 5). We advise: Use some caution when travelling South Africa.,2024-08-13 08:21:03,https://www.travel-advisory.info/south-africa
Zambia,AF,3.0,Zambia has a current risk level of 3 (out of 5). We advise: Use some caution when travelling Zambia.,2024-08-13 08:21:03,https://www.travel-advisory.info/zambia
Zimbabwe,AF,3.2,Zimbabwe has a current risk level of 3.2 (out of 5). We advise: Use some caution when travelling Zimbabwe.,2024-08-13 08:21:03,https://www.travel-advisory.info/zimbabwe
