Country,Continent,Risk Score,Advisory Message,Last Updated,Source,Latitude,Longitude,Recommendation,Details
Andorra,EU,3.0,Andorra has a current risk level of 3 (out of 5). We advise: Use some caution when travelling Andorra.,2024-08-13 08:21:03,https://www.travel-advisory.info/andorra,42.5407167,1.5732033,Travel with Caution - Preferred Continent,Andorra has a current risk level of 3 (out of 5). We advise: Use some caution when travelling Andorra.
United Arab Emirates,AS,3.2,United Arab Emirates has a current risk level of 3.2 (out of 5). We advise: Use some caution when travelling United Arab Emirates.,2024-08-13 08:21:03,https://www.travel-advisory.info/united-arab-emirates,24.0002488,53.9994829,Travel with Caution,United Arab Emirates has a current risk level of 3.2 (out of 5). We advise: Use some caution when travelling United Arab Emirates.
Afghanistan,AS,5.0,Afghanistan has a current risk level of 5 (out of 5). We advise: It is not safe to travel Afghanistan.,2024-08-13 08:21:03,https://www.travel-advisory.info/afghanistan,33.7680065,66.2385139,Not Recommended for Travel,Afghanistan has a current risk level of 5 (out of 5). We advise: It is not safe to travel Afghanistan.
Antigua and Barbuda,,2.5,Antigua and Barbuda has a current risk level of 2.5 (out of 5). We advise: Use some caution when travelling Antigua and Barbuda.,2024-08-13 08:21:03,https://www.travel-advisory.info/antigua-and-barbuda,17.2234721,-61.9554608,Travel with Caution,Antigua and Barbuda has a current risk level of 2.5 (out of 5). We advise: Use some caution when travelling Antigua and Barbuda.
Anguilla,,2.5,Anguilla has a current risk level of 2.5 (out of 5). We advise: Use some caution when travelling Anguilla.,2024-08-13 08:21:03,https://www.travel-advisory.info/anguilla,18.1954947,-63.0750234,Travel with Caution,Anguilla has a current risk level of 2.5 (out of 5). We advise: Use some caution when travelling Anguilla.
Albania,EU,3.6,Albania has a current risk level of 3.6 (out of 5). We advise: Please reconsider your need to travel to Albania.,2024-08-13 08:21:03,https://www.travel-advisory.info/albania,11.244803399999999,-72.51609706675976,Travel with Caution - Preferred Continent,Albania has a current risk level of 3.6 (out of 5). We advise: Please reconsider your need to travel to Albania.
Armenia,AS,3.3,Armenia has a current risk level of 3.3 (out of 5). We advise: Use some caution when travelling Armenia.,2024-08-13 08:21:03,https://www.travel-advisory.info/armenia,4.491976149999999,-75.74135085294314,Travel with Caution,Armenia has a current risk level of 3.3 (out of 5). We advise: Use some caution when travelling Armenia.
Angola,AF,3.0,Angola has a current risk level of 3 (out of 5). We advise: Use some caution when travelling Angola.,2024-08-13 08:21:03,https://www.travel-advisory.info/angola,-11.8775768,17.5691241,Travel with Caution,Angola has a current risk level of 3 (out of 5). We advise: Use some caution when travelling Angola.
Argentina,SA,3.2,Argentina has a current risk level of 3.2 (out of 5). We advise: Use some caution when travelling Argentina.,2024-08-13 08:21:03,https://www.travel-advisory.info/argentina,-34.9964963,-64.9672817,Travel with Caution,Argentina has a current risk level of 3.2 (out of 5). We advise: Use some caution when travelling Argentina.
American Samoa,OC,0.0,American Samoa has a current risk level of 0 (out of 5). We advise: Travelling American Samoa is (relatively) safe.,2024-08-13 08:21:03,https://www.travel-advisory.info/american-samoa,-14.297124,-170.7131481,Safe to Travel,American Samoa has a current risk level of 0 (out of 5). We advise: Travelling American Samoa is (relatively) safe.
Austria,EU,3.0,Austria has a current risk level of 3 (out of 5). We advise: Use some caution when travelling Austria.,2024-08-13 08:21:03,https://www.travel-advisory.info/austria,47.59397,14.12456,Travel with Caution - Preferred Continent,Austria has a current risk level of 3 (out of 5). We advise: Use some caution when travelling Austria.
Australia,OC,2.3,Australia has a current risk level of 2.3 (out of 5). We advise: Travelling Australia is (relatively) safe.,2024-08-13 08:21:03,https://www.travel-advisory.info/australia,-24.7761086,134.755,Travel with Caution,Australia has a current risk level of 2.3 (out of 5). We advise: Travelling Australia is (relatively) safe.
Aruba,,1.0,Aruba has a current risk level of 1 (out of 5). We advise: Travelling Aruba is (relatively) safe.,2024-08-13 08:21:03,https://www.travel-advisory.info/aruba,12.5013629,-69.9618475,Safe to Travel,Aruba has a current risk level of 1 (out of 5). We advise: Travelling Aruba is (relatively) safe.
Azerbaijan,AS,3.3,Azerbaijan has a current risk level of 3.3 (out of 5). We advise: Use some caution when travelling Azerbaijan.,2024-08-13 08:21:03,https://www.travel-advisory.info/azerbaijan,40.3936294,47.7872508,Travel with Caution,Azerbaijan has a current risk level of 3.3 (out of 5). We advise: Use some caution when travelling Azerbaijan.
Bosnia and Herzegovina,EU,3.5,Bosnia and Herzegovina has a current risk level of 3.5 (out of 5). We advise: Please reconsider your need to travel to Bosnia and Herzegovina.,2024-08-13 08:21:03,https://www.travel-advisory.info/bosnia-and-herzegovina,44.3053476,17.5961467,Travel with Caution - Preferred Continent,Bosnia and Herzegovina has a current risk level of 3.5 (out of 5). We advise: Please reconsider your need to travel to Bosnia and Herzegovina.
Barbados,,2.5,Barbados has a current risk level of 2.5 (out of 5). We advise: Use some caution when travelling Barbados.,2024-08-13 08:21:03,https://www.travel-advisory.info/barbados,13.1500331,-59.5250305,Travel with Caution,Barbados has a current risk level of 2.5 (out of 5). We advise: Use some caution when travelling Barbados.
Bangladesh,AS,4.1,Bangladesh has a current risk level of 4.1 (out of 5). We advise: Please reconsider your need to travel to Bangladesh.,2024-08-13 08:21:03,https://www.travel-advisory.info/bangladesh,-0.2864982,36.0514231,Not Recommended for Travel,Bangladesh has a current risk level of 4.1 (out of 5). We advise: Please reconsider your need to travel to Bangladesh.
Belgium,EU,3.0,Belgium has a current risk level of 3 (out of 5). We advise: Use some caution when travelling Belgium.,2024-08-13 08:21:03,https://www.travel-advisory.info/belgium,50.6402809,4.6667145,Travel with Caution - Preferred Continent,Belgium has a current risk level of 3 (out of 5). We advise: Use some caution when travelling Belgium.
Burkina Faso,AF,4.1,Burkina Faso has a current risk level of 4.1 (out of 5). We advise: Please reconsider your need to travel to Burkina Faso.,2024-08-13 08:21:03,https://www.travel-advisory.info/burkina-faso,12.0753083,-1.6880314,Not Recommended for Travel,Burkina Faso has a current risk level of 4.1 (out of 5). We advise: Please reconsider your need to travel to Burkina Faso.
Bulgaria,EU,2.8,Bulgaria has a current risk level of 2.8 (out of 5). We advise: Use some caution when travelling Bulgaria.,2024-08-13 08:21:03,https://www.travel-advisory.info/bulgaria,42.6073975,25.4856617,Travel with Caution - Preferred Continent,Bulgaria has a current risk level of 2.8 (out of 5). We advise: Use some caution when travelling Bulgaria.
Bahrain,AS,3.5,Bahrain has a current risk level of 3.5 (out of 5). We advise: Please reconsider your need to travel to Bahrain.,2024-08-13 08:21:03,https://www.travel-advisory.info/bahrain,26.1551249,50.5344606,Travel with Caution,Bahrain has a current risk level of 3.5 (out of 5). We advise: Please reconsider your need to travel to Bahrain.
Burundi,AF,4.0,Burundi has a current risk level of 4 (out of 5). We advise: Please reconsider your need to travel to Burundi.,2024-08-13 08:21:03,https://www.travel-advisory.info/burundi,-3.426449,29.9324519,Not Recommended for Travel,Burundi has a current risk level of 4 (out of 5). We advise: Please reconsider your need to travel to Burundi.
Benin,AF,3.2,Benin has a current risk level of 3.2 (out of 5). We advise: Use some caution when travelling Benin.,2024-08-13 08:21:03,https://www.travel-advisory.info/benin,9.5293472,2.2584408,Travel with Caution,Benin has a current risk level of 3.2 (out of 5). We advise: Use some caution when travelling Benin.
Saint Barthélemy,,0.0,Saint Barthélemy has a current risk level of 0 (out of 5). We advise: Travelling Saint Barthélemy is (relatively) safe.,2024-08-13 08:21:03,https://www.travel-advisory.info/saint-barthelemy,17.9036287,-62.81152921501989,Safe to Travel,Saint Barthélemy has a current risk level of 0 (out of 5). We advise: Travelling Saint Barthélemy is (relatively) safe.
Bermuda,,2.5,Bermuda has a current risk level of 2.5 (out of 5). We advise: Use some caution when travelling Bermuda.,2024-08-13 08:21:03,https://www.travel-advisory.info/bermuda,32.2937417,-64.7815286,Travel with Caution,Bermuda has a current risk level of 2.5 (out of 5). We advise: Use some caution when travelling Bermuda.
Brunei,AS,3.0,Brunei has a current risk level of 3 (out of 5). We advise: Use some caution when travelling Brunei.,2024-08-13 08:21:03,https://www.travel-advisory.info/brunei,4.4137155,114.5653908,Travel with Caution,Brunei has a current risk level of 3 (out of 5). We advise: Use some caution when travelling Brunei.
Bolivia,SA,3.2,Bolivia has a current risk level of 3.2 (out of 5). We advise: Use some caution when travelling Bolivia.,2024-08-13 08:21:03,https://www.travel-advisory.info/bolivia,-17.0568696,-64.9912286,Travel with Caution,Bolivia has a current risk level of 3.2 (out of 5). We advise: Use some caution when travelling Bolivia.
Brazil,SA,3.1,Brazil has a current risk level of 3.1 (out of 5). We advise: Use some caution when travelling Brazil.,2024-08-13 08:21:03,https://www.travel-advisory.info/brazil,-10.3333333,-53.2,Travel with Caution,Brazil has a current risk level of 3.1 (out of 5). We advise: Use some caution when travelling Brazil.
Bahamas,,3.0,Bahamas has a current risk level of 3 (out of 5). We advise: Use some caution when travelling Bahamas.,2024-08-13 08:21:03,https://www.travel-advisory.info/bahamas,24.7736546,-78.0000547,Travel with Caution,Bahamas has a current risk level of 3 (out of 5). We advise: Use some caution when travelling Bahamas.
Bhutan,AS,3.0,Bhutan has a current risk level of 3 (out of 5). We advise: Use some caution when travelling Bhutan.,2024-08-13 08:21:03,https://www.travel-advisory.info/bhutan,27.549511,90.5119273,Travel with Caution,Bhutan has a current risk level of 3 (out of 5). We advise: Use some caution when travelling Bhutan.
Botswana,AF,3.0,Botswana has a current risk level of 3 (out of 5). We advise: Use some caution when travelling Botswana.,2024-08-13 08:21:03,https://www.travel-advisory.info/botswana,-23.1681782,24.5928742,Travel with Caution,Botswana has a current risk level of 3 (out of 5). We advise: Use some caution when travelling Botswana.
Belarus,EU,4.9,Belarus has a current risk level of 4.9 (out of 5). We advise: It is not safe to travel Belarus.,2024-08-13 08:21:03,https://www.travel-advisory.info/belarus,53.4250605,27.6971358,Not Recommended for Travel,Belarus has a current risk level of 4.9 (out of 5). We advise: It is not safe to travel Belarus.
Belize,,3.0,Belize has a current risk level of 3 (out of 5). We advise: Use some caution when travelling Belize.,2024-08-13 08:21:03,https://www.travel-advisory.info/belize,17.1204943,-88.6859028,Travel with Caution,Belize has a current risk level of 3 (out of 5). We advise: Use some caution when travelling Belize.
Canada,,2.8,Canada has a current risk level of 2.8 (out of 5). We advise: Use some caution when travelling Canada.,2024-08-13 08:21:03,https://www.travel-advisory.info/canada,61.0666922,-107.991707,Travel with Caution,Canada has a current risk level of 2.8 (out of 5). We advise: Use some caution when travelling Canada.
Cocos Islands,SA,0.0,Cocos Islands has a current risk level of 0 (out of 5). We advise: Travelling Cocos Islands is (relatively) safe.,2024-08-13 08:21:03,https://www.travel-advisory.info/cocos-islands,-12.0728315,96.8409375,Safe to Travel,Cocos Islands has a current risk level of 0 (out of 5). We advise: Travelling Cocos Islands is (relatively) safe.
Democratic Republic of the Congo,AF,3.7,Democratic Republic of the Congo has a current risk level of 3.7 (out of 5). We advise: Please reconsider your need to travel to Democratic Republic of the Congo.,2024-08-13 08:21:03,https://www.travel-advisory.info/democratic-republic-of-the-congo,-2.9814344,23.8222636,Travel with Caution,Democratic Republic of the Congo has a current risk level of 3.7 (out of 5). We advise: Please reconsider your need to travel to Democratic Republic of the Congo.
Central African Republic,AF,5.0,Central African Republic has a current risk level of 5 (out of 5). We advise: It is not safe to travel Central African Republic.,2024-08-13 08:21:03,https://www.travel-advisory.info/central-african-republic,7.0323598,19.9981227,Not Recommended for Travel,Central African Republic has a current risk level of 5 (out of 5). We advise: It is not safe to travel Central African Republic.
Republic of the Congo,AF,2.7,Republic of the Congo has a current risk level of 2.7 (out of 5). We advise: Use some caution when travelling Republic of the Congo.,2024-08-13 08:21:03,https://www.travel-advisory.info/republic-of-the-congo,-0.7264327,15.6419155,Travel with Caution,Republic of the Congo has a current risk level of 2.7 (out of 5). We advise: Use some caution when travelling Republic of the Congo.
Switzerland,EU,4.0,Switzerland has a current risk level of 4 (out of 5). We advise: Please reconsider your need to travel to Switzerland.,2024-08-13 08:21:03,https://www.travel-advisory.info/switzerland,46.7985624,8.2319736,Not Recommended for Travel,Switzerland has a current risk level of 4 (out of 5). We advise: Please reconsider your need to travel to Switzerland.
Ivory Coast,AF,3.3,Ivory Coast has a current risk level of 3.3 (out of 5). We advise: Use some caution when travelling Ivory Coast.,2024-08-13 08:21:03,https://www.travel-advisory.info/ivory-coast,7.9897371,-5.5679458,Travel with Caution,Ivory Coast has a current risk level of 3.3 (out of 5). We advise: Use some caution when travelling Ivory Coast.
Cook Islands,OC,5.0,Cook Islands has a current risk level of 5 (out of 5). We advise: It is not safe to travel Cook Islands.,2024-08-13 08:21:03,https://www.travel-advisory.info/cook-islands,-19.99697155,-157.78587140620786,Not Recommended for Travel,Cook Islands has a current risk level of 5 (out of 5). We advise: It is not safe to travel Cook Islands.
Chile,SA,3.3,Chile has a current risk level of 3.3 (out of 5). We advise: Use some caution when travelling Chile.,2024-08-13 08:21:03,https://www.travel-advisory.info/chile,-31.7613365,-71.3187697,Travel with Caution,Chile has a current risk level of 3.3 (out of 5). We advise: Use some caution when travelling Chile.
Cameroon,AF,3.2,Cameroon has a current risk level of 3.2 (out of 5). We advise: Use some caution when travelling Cameroon.,2024-08-13 08:21:03,https://www.travel-advisory.info/cameroon,4.6125522,13.1535811,Travel with Caution,Cameroon has a current risk level of 3.2 (out of 5). We advise: Use some caution when travelling Cameroon.
China,AS,3.4,China has a current risk level of 3.4 (out of 5). We advise: Use some caution when travelling China.,2024-08-13 08:21:03,https://www.travel-advisory.info/china,35.000074,104.999927,Travel with Caution,China has a current risk level of 3.4 (out of 5). We advise: Use some caution when travelling China.
Colombia,SA,3.3,Colombia has a current risk level of 3.3 (out of 5). We advise: Use some caution when travelling Colombia.,2024-08-13 08:21:03,https://www.travel-advisory.info/colombia,4.099917,-72.9088133,Travel with Caution,Colombia has a current risk level of 3.3 (out of 5). We advise: Use some caution when travelling Colombia.
Costa Rica,,3.3,Costa Rica has a current risk level of 3.3 (out of 5). We advise: Use some caution when travelling Costa Rica.,2024-08-13 08:21:03,https://www.travel-advisory.info/costa-rica,10.2735633,-84.0739102,Travel with Caution,Costa Rica has a current risk level of 3.3 (out of 5). We advise: Use some caution when travelling Costa Rica.
Cuba,,2.8,Cuba has a current risk level of 2.8 (out of 5). We advise: Use some caution when travelling Cuba.,2024-08-13 08:21:03,https://www.travel-advisory.info/cuba,23.0131338,-80.8328748,Travel with Caution,Cuba has a current risk level of 2.8 (out of 5). We advise: Use some caution when travelling Cuba.
Cape Verde,AF,2.5,Cape Verde has a current risk level of 2.5 (out of 5). We advise: Use some caution when travelling Cape Verde.,2024-08-13 08:21:03,https://www.travel-advisory.info/cape-verde,16.0000552,-24.0083947,Travel with Caution,Cape Verde has a current risk level of 2.5 (out of 5). We advise: Use some caution when travelling Cape Verde.
Christmas Island,OC,0.0,Christmas Island has a current risk level of 0 (out of 5). We advise: Travelling Christmas Island is (relatively) safe.,2024-08-13 08:21:03,https://www.travel-advisory.info/christmas-island,-10.49131475,105.61713690269079,Safe to Travel,Christmas Island has a current risk level of 0 (out of 5). We advise: Travelling Christmas Island is (relatively) safe.
Cyprus,EU,3.0,Cyprus has a current risk level of 3 (out of 5). We advise: Use some caution when travelling Cyprus.,2024-08-13 08:21:03,https://www.travel-advisory.info/cyprus,34.9174159,32.889902651331866,Travel with Caution - Preferred Continent,Cyprus has a current risk level of 3 (out of 5). We advise: Use some caution when travelling Cyprus.
Czech Republic,EU,3.2,Czech Republic has a current risk level of 3.2 (out of 5). We advise: Use some caution when travelling Czech Republic.,2024-08-13 08:21:03,https://www.travel-advisory.info/czech-republic,49.7439047,15.3381061,Travel with Caution - Preferred Continent,Czech Republic has a current risk level of 3.2 (out of 5). We advise: Use some caution when travelling Czech Republic.
Germany,EU,3.0,Germany has a current risk level of 3 (out of 5). We advise: Use some caution when travelling Germany.,2024-08-13 08:21:03,https://www.travel-advisory.info/germany,51.1638175,10.4478313,Travel with Caution - Preferred Continent,Germany has a current risk level of 3 (out of 5). We advise: Use some caution when travelling Germany.
Djibouti,AF,3.2,Djibouti has a current risk level of 3.2 (out of 5). We advise: Use some caution when travelling Djibouti.,2024-08-13 08:21:03,https://www.travel-advisory.info/djibouti,11.8145966,42.8453061,Travel with Caution,Djibouti has a current risk level of 3.2 (out of 5). We advise: Use some caution when travelling Djibouti.
Denmark,EU,3.2,Denmark has a current risk level of 3.2 (out of 5). We advise: Use some caution when travelling Denmark.,2024-08-13 08:21:03,https://www.travel-advisory.info/denmark,55.670249,10.3333283,Travel with Caution - Preferred Continent,Denmark has a current risk level of 3.2 (out of 5). We advise: Use some caution when travelling Denmark.
Dominica,,2.5,Dominica has a current risk level of 2.5 (out of 5). We advise: Use some caution when travelling Dominica.,2024-08-13 08:21:03,https://www.travel-advisory.info/dominica,15.4113138,-61.3653618,Travel with Caution,Dominica has a current risk level of 2.5 (out of 5). We advise: Use some caution when travelling Dominica.
Dominican Republic,,3.0,Dominican Republic has a current risk level of 3 (out of 5). We advise: Use some caution when travelling Dominican Republic.,2024-08-13 08:21:03,https://www.travel-advisory.info/dominican-republic,19.0974031,-70.3028026,Travel with Caution,Dominican Republic has a current risk level of 3 (out of 5). We advise: Use some caution when travelling Dominican Republic.
Algeria,AF,3.0,Algeria has a current risk level of 3 (out of 5). We advise: Use some caution when travelling Algeria.,2024-08-13 08:21:03,https://www.travel-advisory.info/algeria,28.0000272,2.9999825,Travel with Caution,Algeria has a current risk level of 3 (out of 5). We advise: Use some caution when travelling Algeria.
Ecuador,SA,3.3,Ecuador has a current risk level of 3.3 (out of 5). We advise: Use some caution when travelling Ecuador.,2024-08-13 08:21:03,https://www.travel-advisory.info/ecuador,-1.3397668,-79.3666965,Travel with Caution,Ecuador has a current risk level of 3.3 (out of 5). We advise: Use some caution when travelling Ecuador.
Estonia,EU,2.6,Estonia has a current risk level of 2.6 (out of 5). We advise: Use some caution when travelling Estonia.,2024-08-13 08:21:03,https://www.travel-advisory.info/estonia,58.7523778,25.3319078,Travel with Caution - Preferred Continent,Estonia has a current risk level of 2.6 (out of 5). We advise: Use some caution when travelling Estonia.
Egypt,AF,3.4,Egypt has a current risk level of 3.4 (out of 5). We advise: Use some caution when travelling Egypt.,2024-08-13 08:21:03,https://www.travel-advisory.info/egypt,26.2540493,29.2675469,Travel with Caution,Egypt has a current risk level of 3.4 (out of 5). We advise: Use some caution when travelling Egypt.
Western Sahara,AF,0.0,Western Sahara has a current risk level of 0 (out of 5). We advise: Travelling Western Sahara is (relatively) safe.,2024-08-13 08:21:03,https://www.travel-advisory.info/western-sahara,24.1797324,-13.7667848,Safe to Travel,Western Sahara has a current risk level of 0 (out of 5). We advise: Travelling Western Sahara is (relatively) safe.
Eritrea,AF,3.2,Eritrea has a current risk level of 3.2 (out of 5). We advise: Use some caution when travelling Eritrea.,2024-08-13 08:21:03,https://www.travel-advisory.info/eritrea,15.9500319,37.9999668,Travel with Caution,Eritrea has a current risk level of 3.2 (out of 5). We advise: Use some caution when travelling Eritrea.
Spain,EU,3.0,Spain has a current risk level of 3 (out of 5). We advise: Use some caution when travelling Spain.,2024-08-13 08:21:03,https://www.travel-advisory.info/spain,39.3260685,-4.8379791,Travel with Caution - Preferred Continent,Spain has a current risk level of 3 (out of 5). We advise: Use some caution when travelling Spain.
Ethiopia,AF,3.5,Ethiopia has a current risk level of 3.5 (out of 5). We advise: Please reconsider your need to travel to Ethiopia.,2024-08-13 08:21:03,https://www.travel-advisory.info/ethiopia,10.2116702,38.6521203,Travel with Caution,Ethiopia has a current risk level of 3.5 (out of 5). We advise: Please reconsider your need to travel to Ethiopia.
Finland,EU,3.0,Finland has a current risk level of 3 (out of 5). We advise: Use some caution when travelling Finland.,2024-08-13 08:21:03,https://www.travel-advisory.info/finland,63.2467777,25.9209164,Travel with Caution - Preferred Continent,Finland has a current risk level of 3 (out of 5). We advise: Use some caution when travelling Finland.
Fiji,OC,3.0,Fiji has a current risk level of 3 (out of 5). We advise: Use some caution when travelling Fiji.,2024-08-13 08:21:03,https://www.travel-advisory.info/fiji,-18.1239696,179.0122737,Travel with Caution,Fiji has a current risk level of 3 (out of 5). We advise: Use some caution when travelling Fiji.
Falkland Islands,SA,0.0,Falkland Islands has a current risk level of 0 (out of 5). We advise: Travelling Falkland Islands is (relatively) safe.,2024-08-13 08:21:03,https://www.travel-advisory.info/falkland-islands,-51.9492937,-59.5383657,Safe to Travel,Falkland Islands has a current risk level of 0 (out of 5). We advise: Travelling Falkland Islands is (relatively) safe.
Micronesia,OC,1.0,Micronesia has a current risk level of 1 (out of 5). We advise: Travelling Micronesia is (relatively) safe.,2024-08-13 08:21:03,https://www.travel-advisory.info/micronesia,8.6062347,151.832744331612,Safe to Travel,Micronesia has a current risk level of 1 (out of 5). We advise: Travelling Micronesia is (relatively) safe.
Faroe Islands,EU,0.0,Faroe Islands has a current risk level of 0 (out of 5). We advise: Travelling Faroe Islands is (relatively) safe.,2024-08-13 08:21:03,https://www.travel-advisory.info/faroe-islands,62.0448724,-7.0322972,Safe to Travel - Preferred Continent,Faroe Islands has a current risk level of 0 (out of 5). We advise: Travelling Faroe Islands is (relatively) safe.
France,EU,3.0,France has a current risk level of 3 (out of 5). We advise: Use some caution when travelling France.,2024-08-13 08:21:03,https://www.travel-advisory.info/france,46.603354,1.8883335,Travel with Caution - Preferred Continent,France has a current risk level of 3 (out of 5). We advise: Use some caution when travelling France.
Gabon,AF,3.5,Gabon has a current risk level of 3.5 (out of 5). We advise: Please reconsider your need to travel to Gabon.,2024-08-13 08:21:03,https://www.travel-advisory.info/gabon,-0.8999695,11.6899699,Travel with Caution,Gabon has a current risk level of 3.5 (out of 5). We advise: Please reconsider your need to travel to Gabon.
United Kingdom,EU,3.0,United Kingdom has a current risk level of 3 (out of 5). We advise: Use some caution when travelling United Kingdom.,2024-08-13 08:21:03,https://www.travel-advisory.info/united-kingdom,54.7023545,-3.2765753,Travel with Caution - Preferred Continent,United Kingdom has a current risk level of 3 (out of 5). We advise: Use some caution when travelling United Kingdom.
Grenada,,2.5,Grenada has a current risk level of 2.5 (out of 5). We advise: Use some caution when travelling Grenada.,2024-08-13 08:21:03,https://www.travel-advisory.info/grenada,12.1360374,-61.6904045,Travel with Caution,Grenada has a current risk level of 2.5 (out of 5). We advise: Use some caution when travelling Grenada.
Georgia,AS,3.0,Georgia has a current risk level of 3 (out of 5). We advise: Use some caution when travelling Georgia.,2024-08-13 08:21:03,https://www.travel-advisory.info/georgia,32.3293809,-83.1137366,Travel with Caution,Georgia has a current risk level of 3 (out of 5). We advise: Use some caution when travelling Georgia.
French Guiana,SA,4.0,French Guiana has a current risk level of 4 (out of 5). We advise: Please reconsider your need to travel to French Guiana.,2024-08-13 08:21:03,https://www.travel-advisory.info/french-guiana,4.0039882,-52.999998,Not Recommended for Travel,French Guiana has a current risk level of 4 (out of 5). We advise: Please reconsider your need to travel to French Guiana.
Guernsey,EU,0.0,Guernsey has a current risk level of 0 (out of 5). We advise: Travelling Guernsey is (relatively) safe.,2024-08-13 08:21:03,https://www.travel-advisory.info/guernsey,49.46229125,-2.5812022503294356,Safe to Travel - Preferred Continent,Guernsey has a current risk level of 0 (out of 5). We advise: Travelling Guernsey is (relatively) safe.
Ghana,AF,3.4,Ghana has a current risk level of 3.4 (out of 5). We advise: Use some caution when travelling Ghana.,2024-08-13 08:21:03,https://www.travel-advisory.info/ghana,8.0300284,-1.0800271,Travel with Caution,Ghana has a current risk level of 3.4 (out of 5). We advise: Use some caution when travelling Ghana.
Gibraltar,EU,0.0,Gibraltar has a current risk level of 0 (out of 5). We advise: Travelling Gibraltar is (relatively) safe.,2024-08-13 08:21:03,https://www.travel-advisory.info/gibraltar,36.1285933,-5.3474761,Safe to Travel - Preferred Continent,Gibraltar has a current risk level of 0 (out of 5). We advise: Travelling Gibraltar is (relatively) safe.
Greenland,,0.0,Greenland has a current risk level of 0 (out of 5). We advise: Travelling Greenland is (relatively) safe.,2024-08-13 08:21:03,https://www.travel-advisory.info/greenland,35.9948477,-94.1796014,Safe to Travel,Greenland has a current risk level of 0 (out of 5). We advise: Travelling Greenland is (relatively) safe.
Gambia,AF,2.8,Gambia has a current risk level of 2.8 (out of 5). We advise: Use some caution when travelling Gambia.,2024-08-13 08:21:03,https://www.travel-advisory.info/gambia,13.470062,-15.4900464,Travel with Caution,Gambia has a current risk level of 2.8 (out of 5). We advise: Use some caution when travelling Gambia.
Guinea,AF,4.0,Guinea has a current risk level of 4 (out of 5). We advise: Please reconsider your need to travel to Guinea.,2024-08-13 08:21:03,https://www.travel-advisory.info/guinea,10.7226226,-10.7083587,Not Recommended for Travel,Guinea has a current risk level of 4 (out of 5). We advise: Please reconsider your need to travel to Guinea.
Guadeloupe,,4.0,Guadeloupe has a current risk level of 4 (out of 5). We advise: Please reconsider your need to travel to Guadeloupe.,2024-08-13 08:21:03,https://www.travel-advisory.info/guadeloupe,16.2528827,-61.5686855,Not Recommended for Travel,Guadeloupe has a current risk level of 4 (out of 5). We advise: Please reconsider your need to travel to Guadeloupe.
Equatorial Guinea,AF,3.0,Equatorial Guinea has a current risk level of 3 (out of 5). We advise: Use some caution when travelling Equatorial Guinea.,2024-08-13 08:21:03,https://www.travel-advisory.info/equatorial-guinea,1.613172,10.5170357,Travel with Caution,Equatorial Guinea has a current risk level of 3 (out of 5). We advise: Use some caution when travelling Equatorial Guinea.
Greece,EU,2.8,Greece has a current risk level of 2.8 (out of 5). We advise: Use some caution when travelling Greece.,2024-08-13 08:21:03,https://www.travel-advisory.info/greece,38.9953683,21.9877132,Travel with Caution - Preferred Continent,Greece has a current risk level of 2.8 (out of 5). We advise: Use some caution when travelling Greece.
South Georgia and the South Sandwich Islands,AN,0.0,South Georgia and the South Sandwich Islands has a current risk level of 0 (out of 5). We advise: Travelling South Georgia and the South Sandwich Islands is (relatively) safe.,2024-08-13 08:21:03,https://www.travel-advisory.info/south-georgia-and-the-south-sandwich-islands,-54.8432857,-35.8090698,Safe to Travel,South Georgia and the South Sandwich Islands has a current risk level of 0 (out of 5). We advise: Travelling South Georgia and the South Sandwich Islands is (relatively) safe.
Guatemala,,3.4,Guatemala has a current risk level of 3.4 (out of 5). We advise: Use some caution when travelling Guatemala.,2024-08-13 08:21:03,https://www.travel-advisory.info/guatemala,15.5855545,-90.345759,Travel with Caution,Guatemala has a current risk level of 3.4 (out of 5). We advise: Use some caution when travelling Guatemala.
Guam,OC,4.0,Guam has a current risk level of 4 (out of 5). We advise: Please reconsider your need to travel to Guam.,2024-08-13 08:21:03,https://www.travel-advisory.info/guam,13.4499943,144.7651677,Not Recommended for Travel,Guam has a current risk level of 4 (out of 5). We advise: Please reconsider your need to travel to Guam.
Guinea-Bissau,AF,3.0,Guinea-Bissau has a current risk level of 3 (out of 5). We advise: Use some caution when travelling Guinea-Bissau.,2024-08-13 08:21:03,https://www.travel-advisory.info/guinea-bissau,11.815215,-15.2351044,Travel with Caution,Guinea-Bissau has a current risk level of 3 (out of 5). We advise: Use some caution when travelling Guinea-Bissau.
Guyana,SA,4.0,Guyana has a current risk level of 4 (out of 5). We advise: Please reconsider your need to travel to Guyana.,2024-08-13 08:21:03,https://www.travel-advisory.info/guyana,4.8417097,-58.6416891,Not Recommended for Travel,Guyana has a current risk level of 4 (out of 5). We advise: Please reconsider your need to travel to Guyana.
Hong Kong,AS,3.6,Hong Kong has a current risk level of 3.6 (out of 5). We advise: Please reconsider your need to travel to Hong Kong.,2024-08-13 08:21:03,https://www.travel-advisory.info/hong-kong,22.2793278,114.1628131,Travel with Caution,Hong Kong has a current risk level of 3.6 (out of 5). We advise: Please reconsider your need to travel to Hong Kong.
Honduras,,3.4,Honduras has a current risk level of 3.4 (out of 5). We advise: Use some caution when travelling Honduras.,2024-08-13 08:21:03,https://www.travel-advisory.info/honduras,15.2572432,-86.0755145,Travel with Caution,Honduras has a current risk level of 3.4 (out of 5). We advise: Use some caution when travelling Honduras.
Croatia,EU,2.8,Croatia has a current risk level of 2.8 (out of 5). We advise: Use some caution when travelling Croatia.,2024-08-13 08:21:03,https://www.travel-advisory.info/croatia,45.3658443,15.6575209,Travel with Caution - Preferred Continent,Croatia has a current risk level of 2.8 (out of 5). We advise: Use some caution when travelling Croatia.
Haiti,,4.8,Haiti has a current risk level of 4.8 (out of 5). We advise: It is not safe to travel Haiti.,2024-08-13 08:21:03,https://www.travel-advisory.info/haiti,19.1399952,-72.3570972,Not Recommended for Travel,Haiti has a current risk level of 4.8 (out of 5). We advise: It is not safe to travel Haiti.
Hungary,EU,2.8,Hungary has a current risk level of 2.8 (out of 5). We advise: Use some caution when travelling Hungary.,2024-08-13 08:21:03,https://www.travel-advisory.info/hungary,47.1817585,19.5060937,Travel with Caution - Preferred Continent,Hungary has a current risk level of 2.8 (out of 5). We advise: Use some caution when travelling Hungary.
Indonesia,AS,3.4,Indonesia has a current risk level of 3.4 (out of 5). We advise: Use some caution when travelling Indonesia.,2024-08-13 08:21:03,https://www.travel-advisory.info/indonesia,-2.4833826,117.8902853,Travel with Caution,Indonesia has a current risk level of 3.4 (out of 5). We advise: Use some caution when travelling Indonesia.
Ireland,EU,2.5,Ireland has a current risk level of 2.5 (out of 5). We advise: Use some caution when travelling Ireland.,2024-08-13 08:21:03,https://www.travel-advisory.info/ireland,52.865196,-7.9794599,Travel with Caution - Preferred Continent,Ireland has a current risk level of 2.5 (out of 5). We advise: Use some caution when travelling Ireland.
Israel,AS,4.2,Israel has a current risk level of 4.2 (out of 5). We advise: Please reconsider your need to travel to Israel.,2024-08-13 08:21:03,https://www.travel-advisory.info/israel,30.8124247,34.8594762,Not Recommended for Travel,Israel has a current risk level of 4.2 (out of 5). We advise: Please reconsider your need to travel to Israel.
Isle of Man,EU,0.0,Isle of Man has a current risk level of 0 (out of 5). We advise: Travelling Isle of Man is (relatively) safe.,2024-08-13 08:21:03,https://www.travel-advisory.info/isle-of-man,54.1936805,-4.5591148,Safe to Travel - Preferred Continent,Isle of Man has a current risk level of 0 (out of 5). We advise: Travelling Isle of Man is (relatively) safe.
India,AS,3.4,India has a current risk level of 3.4 (out of 5). We advise: Use some caution when travelling India.,2024-08-13 08:21:03,https://www.travel-advisory.info/india,22.3511148,78.6677428,Travel with Caution,India has a current risk level of 3.4 (out of 5). We advise: Use some caution when travelling India.
Iraq,AS,4.8,Iraq has a current risk level of 4.8 (out of 5). We advise: It is not safe to travel Iraq.,2024-08-13 08:21:03,https://www.travel-advisory.info/iraq,33.0955793,44.1749775,Not Recommended for Travel,Iraq has a current risk level of 4.8 (out of 5). We advise: It is not safe to travel Iraq.
Iran,AS,4.5,Iran has a current risk level of 4.5 (out of 5). We advise: It is not safe to travel Iran.,2024-08-13 08:21:03,https://www.travel-advisory.info/iran,32.6475314,54.5643516,Not Recommended for Travel,Iran has a current risk level of 4.5 (out of 5). We advise: It is not safe to travel Iran.
Iceland,EU,2.8,Iceland has a current risk level of 2.8 (out of 5). We advise: Use some caution when travelling Iceland.,2024-08-13 08:21:03,https://www.travel-advisory.info/iceland,64.9841821,-18.1059013,Travel with Caution - Preferred Continent,Iceland has a current risk level of 2.8 (out of 5). We advise: Use some caution when travelling Iceland.
Italy,EU,3.0,Italy has a current risk level of 3 (out of 5). We advise: Use some caution when travelling Italy.,2024-08-13 08:21:03,https://www.travel-advisory.info/italy,42.6384261,12.674297,Travel with Caution - Preferred Continent,Italy has a current risk level of 3 (out of 5). We advise: Use some caution when travelling Italy.
Jersey,EU,0.0,Jersey has a current risk level of 0 (out of 5). We advise: Travelling Jersey is (relatively) safe.,2024-08-13 08:21:03,https://www.travel-advisory.info/jersey,49.2214561,-2.1358386,Safe to Travel - Preferred Continent,Jersey has a current risk level of 0 (out of 5). We advise: Travelling Jersey is (relatively) safe.
Jamaica,,3.8,Jamaica has a current risk level of 3.8 (out of 5). We advise: Please reconsider your need to travel to Jamaica.,2024-08-13 08:21:03,https://www.travel-advisory.info/jamaica,18.1850507,-77.3947693,Travel with Caution,Jamaica has a current risk level of 3.8 (out of 5). We advise: Please reconsider your need to travel to Jamaica.
Jordan,AS,3.2,Jordan has a current risk level of 3.2 (out of 5). We advise: Use some caution when travelling Jordan.,2024-08-13 08:21:03,https://www.travel-advisory.info/jordan,10.6611675,122.5909592,Travel with Caution,Jordan has a current risk level of 3.2 (out of 5). We advise: Use some caution when travelling Jordan.
Japan,AS,2.8,Japan has a current risk level of 2.8 (out of 5). We advise: Use some caution when travelling Japan.,2024-08-13 08:21:03,https://www.travel-advisory.info/japan,36.5748441,139.2394179,Travel with Caution,Japan has a current risk level of 2.8 (out of 5). We advise: Use some caution when travelling Japan.
Kenya,AF,3.1,Kenya has a current risk level of 3.1 (out of 5). We advise: Use some caution when travelling Kenya.,2024-08-13 08:21:03,https://www.travel-advisory.info/kenya,1.4419683,38.4313975,Travel with Caution,Kenya has a current risk level of 3.1 (out of 5). We advise: Use some caution when travelling Kenya.
Kyrgyzstan,AS,2.3,Kyrgyzstan has a current risk level of 2.3 (out of 5). We advise: Travelling Kyrgyzstan is (relatively) safe.,2024-08-13 08:21:03,https://www.travel-advisory.info/kyrgyzstan,41.5089324,74.724091,Travel with Caution,Kyrgyzstan has a current risk level of 2.3 (out of 5). We advise: Travelling Kyrgyzstan is (relatively) safe.
Cambodia,AS,3.0,Cambodia has a current risk level of 3 (out of 5). We advise: Use some caution when travelling Cambodia.,2024-08-13 08:21:03,https://www.travel-advisory.info/cambodia,12.5433216,104.8144914,Travel with Caution,Cambodia has a current risk level of 3 (out of 5). We advise: Use some caution when travelling Cambodia.
Kiribati,OC,1.0,Kiribati has a current risk level of 1 (out of 5). We advise: Travelling Kiribati is (relatively) safe.,2024-08-13 08:21:03,https://www.travel-advisory.info/kiribati,0.3448612,173.6641773,Safe to Travel,Kiribati has a current risk level of 1 (out of 5). We advise: Travelling Kiribati is (relatively) safe.
Comoros,AF,3.0,Comoros has a current risk level of 3 (out of 5). We advise: Use some caution when travelling Comoros.,2024-08-13 08:21:03,https://www.travel-advisory.info/comoros,-12.2045176,44.2832964,Travel with Caution,Comoros has a current risk level of 3 (out of 5). We advise: Use some caution when travelling Comoros.
Saint Kitts and Nevis,,2.5,Saint Kitts and Nevis has a current risk level of 2.5 (out of 5). We advise: Use some caution when travelling Saint Kitts and Nevis.,2024-08-13 08:21:03,https://www.travel-advisory.info/saint-kitts-and-nevis,17.250512,-62.6725973,Travel with Caution,Saint Kitts and Nevis has a current risk level of 2.5 (out of 5). We advise: Use some caution when travelling Saint Kitts and Nevis.
North Korea,AS,4.4,North Korea has a current risk level of 4.4 (out of 5). We advise: Please reconsider your need to travel to North Korea.,2024-08-13 08:21:03,https://www.travel-advisory.info/north-korea,40.3736611,127.0870417,Not Recommended for Travel,North Korea has a current risk level of 4.4 (out of 5). We advise: Please reconsider your need to travel to North Korea.
South Korea,AS,2.3,South Korea has a current risk level of 2.3 (out of 5). We advise: Travelling South Korea is (relatively) safe.,2024-08-13 08:21:03,https://www.travel-advisory.info/south-korea,36.638392,127.6961188,Travel with Caution,South Korea has a current risk level of 2.3 (out of 5). We advise: Travelling South Korea is (relatively) safe.
Kuwait,AS,3.2,Kuwait has a current risk level of 3.2 (out of 5). We advise: Use some caution when travelling Kuwait.,2024-08-13 08:21:03,https://www.travel-advisory.info/kuwait,29.3796532,47.9734174,Travel with Caution,Kuwait has a current risk level of 3.2 (out of 5). We advise: Use some caution when travelling Kuwait.
Cayman Islands,,2.5,Cayman Islands has a current risk level of 2.5 (out of 5). We advise: Use some caution when travelling Cayman Islands.,2024-08-13 08:21:03,https://www.travel-advisory.info/cayman-islands,19.703182249999998,-79.9174627243246,Travel with Caution,Cayman Islands has a current risk level of 2.5 (out of 5). We advise: Use some caution when travelling Cayman Islands.
Kazakhstan,AS,3.0,Kazakhstan has a current risk level of 3 (out of 5). We advise: Use some caution when travelling Kazakhstan.,2024-08-13 08:21:03,https://www.travel-advisory.info/kazakhstan,48.1012954,66.7780818,Travel with Caution,Kazakhstan has a current risk level of 3 (out of 5). We advise: Use some caution when travelling Kazakhstan.
Laos,AS,3.0,Laos has a current risk level of 3 (out of 5). We advise: Use some caution when travelling Laos.,2024-08-13 08:21:03,https://www.travel-advisory.info/laos,20.0171109,103.378253,Travel with Caution,Laos has a current risk level of 3 (out of 5). We advise: Use some caution when travelling Laos.
Lebanon,AS,4.2,Lebanon has a current risk level of 4.2 (out of 5). We advise: Please reconsider your need to travel to Lebanon.,2024-08-13 08:21:03,https://www.travel-advisory.info/lebanon,40.375713,-76.4626118,Not Recommended for Travel,Lebanon has a current risk level of 4.2 (out of 5). We advise: Please reconsider your need to travel to Lebanon.
Saint Lucia,,2.5,Saint Lucia has a current risk level of 2.5 (out of 5). We advise: Use some caution when travelling Saint Lucia.,2024-08-13 08:21:03,https://www.travel-advisory.info/saint-lucia,13.8250489,-60.975036,Travel with Caution,Saint Lucia has a current risk level of 2.5 (out of 5). We advise: Use some caution when travelling Saint Lucia.
Liechtenstein,EU,2.3,Liechtenstein has a current risk level of 2.3 (out of 5). We advise: Travelling Liechtenstein is (relatively) safe.,2024-08-13 08:21:03,https://www.travel-advisory.info/liechtenstein,47.1416307,9.5531527,Travel with Caution - Preferred Continent,Liechtenstein has a current risk level of 2.3 (out of 5). We advise: Travelling Liechtenstein is (relatively) safe.
Sri Lanka,AS,3.1,Sri Lanka has a current risk level of 3.1 (out of 5). We advise: Use some caution when travelling Sri Lanka.,2024-08-13 08:21:03,https://www.travel-advisory.info/sri-lanka,7.5554942,80.7137847,Travel with Caution,Sri Lanka has a current risk level of 3.1 (out of 5). We advise: Use some caution when travelling Sri Lanka.
Liberia,AF,3.5,Liberia has a current risk level of 3.5 (out of 5). We advise: Please reconsider your need to travel to Liberia.,2024-08-13 08:21:03,https://www.travel-advisory.info/liberia,5.7499721,-9.3658524,Travel with Caution,Liberia has a current risk level of 3.5 (out of 5). We advise: Please reconsider your need to travel to Liberia.
Lesotho,AF,3.0,Lesotho has a current risk level of 3 (out of 5). We advise: Use some caution when travelling Lesotho.,2024-08-13 08:21:03,https://www.travel-advisory.info/lesotho,-29.6039267,28.3350193,Travel with Caution,Lesotho has a current risk level of 3 (out of 5). We advise: Use some caution when travelling Lesotho.
Lithuania,EU,2.6,Lithuania has a current risk level of 2.6 (out of 5). We advise: Use some caution when travelling Lithuania.,2024-08-13 08:21:03,https://www.travel-advisory.info/lithuania,55.3500003,23.7499997,Travel with Caution - Preferred Continent,Lithuania has a current risk level of 2.6 (out of 5). We advise: Use some caution when travelling Lithuania.
Luxembourg,EU,2.3,Luxembourg has a current risk level of 2.3 (out of 5). We advise: Travelling Luxembourg is (relatively) safe.,2024-08-13 08:21:03,https://www.travel-advisory.info/luxembourg,49.6112768,6.129799,Travel with Caution - Preferred Continent,Luxembourg has a current risk level of 2.3 (out of 5). We advise: Travelling Luxembourg is (relatively) safe.
Latvia,EU,2.6,Latvia has a current risk level of 2.6 (out of 5). We advise: Use some caution when travelling Latvia.,2024-08-13 08:21:03,https://www.travel-advisory.info/latvia,56.8406494,24.7537645,Travel with Caution - Preferred Continent,Latvia has a current risk level of 2.6 (out of 5). We advise: Use some caution when travelling Latvia.
Libya,AF,5.0,Libya has a current risk level of 5 (out of 5). We advise: It is not safe to travel Libya.,2024-08-13 08:21:03,https://www.travel-advisory.info/libya,26.8234472,18.1236723,Not Recommended for Travel,Libya has a current risk level of 5 (out of 5). We advise: It is not safe to travel Libya.
Morocco,AF,3.0,Morocco has a current risk level of 3 (out of 5). We advise: Use some caution when travelling Morocco.,2024-08-13 08:21:03,https://www.travel-advisory.info/morocco,28.3347722,-10.371337908392647,Travel with Caution,Morocco has a current risk level of 3 (out of 5). We advise: Use some caution when travelling Morocco.
Monaco,EU,3.0,Monaco has a current risk level of 3 (out of 5). We advise: Use some caution when travelling Monaco.,2024-08-13 08:21:03,https://www.travel-advisory.info/monaco,43.7323492,7.4276832,Travel with Caution - Preferred Continent,Monaco has a current risk level of 3 (out of 5). We advise: Use some caution when travelling Monaco.
Moldova,EU,3.0,Moldova has a current risk level of 3 (out of 5). We advise: Use some caution when travelling Moldova.,2024-08-13 08:21:03,https://www.travel-advisory.info/moldova,47.2879608,28.5670941,Travel with Caution - Preferred Continent,Moldova has a current risk level of 3 (out of 5). We advise: Use some caution when travelling Moldova.
Montenegro,EU,3.2,Montenegro has a current risk level of 3.2 (out of 5). We advise: Use some caution when travelling Montenegro.,2024-08-13 08:21:03,https://www.travel-advisory.info/montenegro,-29.6826112,-51.4687455,Travel with Caution - Preferred Continent,Montenegro has a current risk level of 3.2 (out of 5). We advise: Use some caution when travelling Montenegro.
Saint Martin,,0.0,Saint Martin has a current risk level of 0 (out of 5). We advise: Travelling Saint Martin is (relatively) safe.,2024-08-13 08:21:03,https://www.travel-advisory.info/saint-martin,18.0814066,-63.0467131,Safe to Travel,Saint Martin has a current risk level of 0 (out of 5). We advise: Travelling Saint Martin is (relatively) safe.
Madagascar,AF,3.0,Madagascar has a current risk level of 3 (out of 5). We advise: Use some caution when travelling Madagascar.,2024-08-13 08:21:03,https://www.travel-advisory.info/madagascar,-18.9249604,46.4416422,Travel with Caution,Madagascar has a current risk level of 3 (out of 5). We advise: Use some caution when travelling Madagascar.
Marshall Islands,OC,3.0,Marshall Islands has a current risk level of 3 (out of 5). We advise: Use some caution when travelling Marshall Islands.,2024-08-13 08:21:03,https://www.travel-advisory.info/marshall-islands,8.230816999999998,167.7953223704529,Travel with Caution,Marshall Islands has a current risk level of 3 (out of 5). We advise: Use some caution when travelling Marshall Islands.
Macedonia,EU,2.3,Macedonia has a current risk level of 2.3 (out of 5). We advise: Travelling Macedonia is (relatively) safe.,2024-08-13 08:21:03,https://www.travel-advisory.info/macedonia,41.1927739,-95.4256198,Travel with Caution - Preferred Continent,Macedonia has a current risk level of 2.3 (out of 5). We advise: Travelling Macedonia is (relatively) safe.
Mali,AF,4.6,Mali has a current risk level of 4.6 (out of 5). We advise: It is not safe to travel Mali.,2024-08-13 08:21:03,https://www.travel-advisory.info/mali,16.3700359,-2.2900239,Not Recommended for Travel,Mali has a current risk level of 4.6 (out of 5). We advise: It is not safe to travel Mali.
Myanmar,AS,4.6,Myanmar has a current risk level of 4.6 (out of 5). We advise: It is not safe to travel Myanmar.,2024-08-13 08:21:03,https://www.travel-advisory.info/myanmar,17.1750495,95.9999652,Not Recommended for Travel,Myanmar has a current risk level of 4.6 (out of 5). We advise: It is not safe to travel Myanmar.
Mongolia,AS,2.8,Mongolia has a current risk level of 2.8 (out of 5). We advise: Use some caution when travelling Mongolia.,2024-08-13 08:21:03,https://www.travel-advisory.info/mongolia,43.9382593,-79.2235563,Travel with Caution,Mongolia has a current risk level of 2.8 (out of 5). We advise: Use some caution when travelling Mongolia.
Macao,AS,3.0,Macao has a current risk level of 3 (out of 5). We advise: Use some caution when travelling Macao.,2024-08-13 08:21:03,https://www.travel-advisory.info/macao,22.1757605,113.5514142,Travel with Caution,Macao has a current risk level of 3 (out of 5). We advise: Use some caution when travelling Macao.
Northern Mariana Islands,OC,0.0,Northern Mariana Islands has a current risk level of 0 (out of 5). We advise: Travelling Northern Mariana Islands is (relatively) safe.,2024-08-13 08:21:03,https://www.travel-advisory.info/northern-mariana-islands,15.1753648,145.7379338,Safe to Travel,Northern Mariana Islands has a current risk level of 0 (out of 5). We advise: Travelling Northern Mariana Islands is (relatively) safe.
Martinique,,4.0,Martinique has a current risk level of 4 (out of 5). We advise: Please reconsider your need to travel to Martinique.,2024-08-13 08:21:03,https://www.travel-advisory.info/martinique,14.6367927,-61.01582685063731,Not Recommended for Travel,Martinique has a current risk level of 4 (out of 5). We advise: Please reconsider your need to travel to Martinique.
Mauritania,AF,3.8,Mauritania has a current risk level of 3.8 (out of 5). We advise: Please reconsider your need to travel to Mauritania.,2024-08-13 08:21:03,https://www.travel-advisory.info/mauritania,20.2540382,-9.2399263,Travel with Caution,Mauritania has a current risk level of 3.8 (out of 5). We advise: Please reconsider your need to travel to Mauritania.
Montserrat,,2.5,Montserrat has a current risk level of 2.5 (out of 5). We advise: Use some caution when travelling Montserrat.,2024-08-13 08:21:03,https://www.travel-advisory.info/montserrat,16.7417041,-62.1916844,Travel with Caution,Montserrat has a current risk level of 2.5 (out of 5). We advise: Use some caution when travelling Montserrat.
Malta,EU,3.0,Malta has a current risk level of 3 (out of 5). We advise: Use some caution when travelling Malta.,2024-08-13 08:21:03,https://www.travel-advisory.info/malta,35.8885993,14.4476911,Travel with Caution - Preferred Continent,Malta has a current risk level of 3 (out of 5). We advise: Use some caution when travelling Malta.
Mauritius,AF,3.0,Mauritius has a current risk level of 3 (out of 5). We advise: Use some caution when travelling Mauritius.,2024-08-13 08:21:03,https://www.travel-advisory.info/mauritius,-20.2759451,57.5703566,Travel with Caution,Mauritius has a current risk level of 3 (out of 5). We advise: Use some caution when travelling Mauritius.
Maldives,AS,3.4,Maldives has a current risk level of 3.4 (out of 5). We advise: Use some caution when travelling Maldives.,2024-08-13 08:21:03,https://www.travel-advisory.info/maldives,3.7203503,73.2244152,Travel with Caution,Maldives has a current risk level of 3.4 (out of 5). We advise: Use some caution when travelling Maldives.
Malawi,AF,3.0,Malawi has a current risk level of 3 (out of 5). We advise: Use some caution when travelling Malawi.,2024-08-13 08:21:03,https://www.travel-advisory.info/malawi,-13.2687204,33.9301963,Travel with Caution,Malawi has a current risk level of 3 (out of 5). We advise: Use some caution when travelling Malawi.
Mexico,,3.6,Mexico has a current risk level of 3.6 (out of 5). We advise: Please reconsider your need to travel to Mexico.,2024-08-13 08:21:03,https://www.travel-advisory.info/mexico,19.4326296,-99.1331785,Travel with Caution,Mexico has a current risk level of 3.6 (out of 5). We advise: Please reconsider your need to travel to Mexico.
Malaysia,AS,2.8,Malaysia has a current risk level of 2.8 (out of 5). We advise: Use some caution when travelling Malaysia.,2024-08-13 08:21:03,https://www.travel-advisory.info/malaysia,4.5693754,102.2656823,Travel with Caution,Malaysia has a current risk level of 2.8 (out of 5). We advise: Use some caution when travelling Malaysia.
Mozambique,AF,3.0,Mozambique has a current risk level of 3 (out of 5). We advise: Use some caution when travelling Mozambique.,2024-08-13 08:21:03,https://www.travel-advisory.info/mozambique,-19.302233,34.9144977,Travel with Caution,Mozambique has a current risk level of 3 (out of 5). We advise: Use some caution when travelling Mozambique.
Namibia,AF,3.0,Namibia has a current risk level of 3 (out of 5). We advise: Use some caution when travelling Namibia.,2024-08-13 08:21:03,https://www.travel-advisory.info/namibia,-23.2335499,17.3231107,Travel with Caution,Namibia has a current risk level of 3 (out of 5). We advise: Use some caution when travelling Namibia.
New Caledonia,OC,4.0,New Caledonia has a current risk level of 4 (out of 5). We advise: Please reconsider your need to travel to New Caledonia.,2024-08-13 08:21:03,https://www.travel-advisory.info/new-caledonia,-20.63784275,161.21176261225781,Not Recommended for Travel,New Caledonia has a current risk level of 4 (out of 5). We advise: Please reconsider your need to travel to New Caledonia.
Niger,AF,4.7,Niger has a current risk level of 4.7 (out of 5). We advise: It is not safe to travel Niger.,2024-08-13 08:21:03,https://www.travel-advisory.info/niger,17.7356214,9.3238432,Not Recommended for Travel,Niger has a current risk level of 4.7 (out of 5). We advise: It is not safe to travel Niger.
Norfolk Island,OC,0.0,Norfolk Island has a current risk level of 0 (out of 5). We advise: Travelling Norfolk Island is (relatively) safe.,2024-08-13 08:21:03,https://www.travel-advisory.info/norfolk-island,-29.0328038,167.9483137,Safe to Travel,Norfolk Island has a current risk level of 0 (out of 5). We advise: Travelling Norfolk Island is (relatively) safe.
Nigeria,AF,3.8,Nigeria has a current risk level of 3.8 (out of 5). We advise: Please reconsider your need to travel to Nigeria.,2024-08-13 08:21:03,https://www.travel-advisory.info/nigeria,9.6000359,7.9999721,Travel with Caution,Nigeria has a current risk level of 3.8 (out of 5). We advise: Please reconsider your need to travel to Nigeria.
Nicaragua,,3.6,Nicaragua has a current risk level of 3.6 (out of 5). We advise: Please reconsider your need to travel to Nicaragua.,2024-08-13 08:21:03,https://www.travel-advisory.info/nicaragua,12.6090157,-85.2936911,Travel with Caution,Nicaragua has a current risk level of 3.6 (out of 5). We advise: Please reconsider your need to travel to Nicaragua.
Netherlands,EU,3.3,Netherlands has a current risk level of 3.3 (out of 5). We advise: Use some caution when travelling Netherlands.,2024-08-13 08:21:03,https://www.travel-advisory.info/netherlands,52.2434979,5.6343227,Travel with Caution - Preferred Continent,Netherlands has a current risk level of 3.3 (out of 5). We advise: Use some caution when travelling Netherlands.
Norway,EU,2.8,Norway has a current risk level of 2.8 (out of 5). We advise: Use some caution when travelling Norway.,2024-08-13 08:21:03,https://www.travel-advisory.info/norway,64.5731537,11.52803643954819,Travel with Caution - Preferred Continent,Norway has a current risk level of 2.8 (out of 5). We advise: Use some caution when travelling Norway.
Nepal,AS,3.3,Nepal has a current risk level of 3.3 (out of 5). We advise: Use some caution when travelling Nepal.,2024-08-13 08:21:03,https://www.travel-advisory.info/nepal,28.3780464,83.9999901,Travel with Caution,Nepal has a current risk level of 3.3 (out of 5). We advise: Use some caution when travelling Nepal.
Niue,OC,0.0,Niue has a current risk level of 0 (out of 5). We advise: Travelling Niue is (relatively) safe.,2024-08-13 08:21:03,https://www.travel-advisory.info/niue,-19.0536414,-169.861341,Safe to Travel,Niue has a current risk level of 0 (out of 5). We advise: Travelling Niue is (relatively) safe.
New Zealand,OC,3.0,New Zealand has a current risk level of 3 (out of 5). We advise: Use some caution when travelling New Zealand.,2024-08-13 08:21:03,https://www.travel-advisory.info/new-zealand,-41.5000831,172.8344077,Travel with Caution,New Zealand has a current risk level of 3 (out of 5). We advise: Use some caution when travelling New Zealand.
Oman,AS,3.0,Oman has a current risk level of 3 (out of 5). We advise: Use some caution when travelling Oman.,2024-08-13 08:21:03,https://www.travel-advisory.info/oman,21.0000287,57.0036901,Travel with Caution,Oman has a current risk level of 3 (out of 5). We advise: Use some caution when travelling Oman.
Panama,,3.0,Panama has a current risk level of 3 (out of 5). We advise: Use some caution when travelling Panama.,2024-08-13 08:21:03,https://www.travel-advisory.info/panama,8.559559,-81.1308434,Travel with Caution,Panama has a current risk level of 3 (out of 5). We advise: Use some caution when travelling Panama.
Peru,SA,3.3,Peru has a current risk level of 3.3 (out of 5). We advise: Use some caution when travelling Peru.,2024-08-13 08:21:03,https://www.travel-advisory.info/peru,-6.8699697,-75.0458515,Travel with Caution,Peru has a current risk level of 3.3 (out of 5). We advise: Use some caution when travelling Peru.
French Polynesia,OC,3.0,French Polynesia has a current risk level of 3 (out of 5). We advise: Use some caution when travelling French Polynesia.,2024-08-13 08:21:03,https://www.travel-advisory.info/french-polynesia,-17.0243749,-144.6434898,Travel with Caution,French Polynesia has a current risk level of 3 (out of 5). We advise: Use some caution when travelling French Polynesia.
Papua New Guinea,OC,3.8,Papua New Guinea has a current risk level of 3.8 (out of 5). We advise: Please reconsider your need to travel to Papua New Guinea.,2024-08-13 08:21:03,https://www.travel-advisory.info/papua-new-guinea,-5.6816069,144.2489081,Travel with Caution,Papua New Guinea has a current risk level of 3.8 (out of 5). We advise: Please reconsider your need to travel to Papua New Guinea.
Philippines,AS,3.1,Philippines has a current risk level of 3.1 (out of 5). We advise: Use some caution when travelling Philippines.,2024-08-13 08:21:03,https://www.travel-advisory.info/philippines,12.7503486,122.7312101,Travel with Caution,Philippines has a current risk level of 3.1 (out of 5). We advise: Use some caution when travelling Philippines.
Pakistan,AS,3.8,Pakistan has a current risk level of 3.8 (out of 5). We advise: Please reconsider your need to travel to Pakistan.,2024-08-13 08:21:03,https://www.travel-advisory.info/pakistan,30.3308401,71.247499,Travel with Caution,Pakistan has a current risk level of 3.8 (out of 5). We advise: Please reconsider your need to travel to Pakistan.
Poland,EU,2.8,Poland has a current risk level of 2.8 (out of 5). We advise: Use some caution when travelling Poland.,2024-08-13 08:21:03,https://www.travel-advisory.info/poland,52.215933,19.134422,Travel with Caution - Preferred Continent,Poland has a current risk level of 2.8 (out of 5). We advise: Use some caution when travelling Poland.
Saint Pierre and Miquelon,,0.0,Saint Pierre and Miquelon has a current risk level of 0 (out of 5). We advise: Travelling Saint Pierre and Miquelon is (relatively) safe.,2024-08-13 08:21:03,https://www.travel-advisory.info/saint-pierre-and-miquelon,46.8374544,-56.2120555,Safe to Travel,Saint Pierre and Miquelon has a current risk level of 0 (out of 5). We advise: Travelling Saint Pierre and Miquelon is (relatively) safe.
Pitcairn,OC,0.0,Pitcairn has a current risk level of 0 (out of 5). We advise: Travelling Pitcairn is (relatively) safe.,2024-08-13 08:21:03,https://www.travel-advisory.info/pitcairn,-25.0657719,-130.101782,Safe to Travel,Pitcairn has a current risk level of 0 (out of 5). We advise: Travelling Pitcairn is (relatively) safe.
Puerto Rico,,4.0,Puerto Rico has a current risk level of 4 (out of 5). We advise: Please reconsider your need to travel to Puerto Rico.,2024-08-13 08:21:03,https://www.travel-advisory.info/puerto-rico,18.2247706,-66.4858295,Not Recommended for Travel,Puerto Rico has a current risk level of 4 (out of 5). We advise: Please reconsider your need to travel to Puerto Rico.
Palestinian Territory,AS,4.0,Palestinian Territory has a current risk level of 4 (out of 5). We advise: Please reconsider your need to travel to Palestinian Territory.,2024-08-13 08:21:03,https://www.travel-advisory.info/palestinian-territory,31.762963620549996,34.9384953773143,Not Recommended for Travel,Palestinian Territory has a current risk level of 4 (out of 5). We advise: Please reconsider your need to travel to Palestinian Territory.
Portugal,EU,2.8,Portugal has a current risk level of 2.8 (out of 5). We advise: Use some caution when travelling Portugal.,2024-08-13 08:21:03,https://www.travel-advisory.info/portugal,39.6621648,-8.1353519,Travel with Caution - Preferred Continent,Portugal has a current risk level of 2.8 (out of 5). We advise: Use some caution when travelling Portugal.
Palau,OC,3.0,Palau has a current risk level of 3 (out of 5). We advise: Use some caution when travelling Palau.,2024-08-13 08:21:03,https://www.travel-advisory.info/palau,42.5717989,2.9600905,Travel with Caution,Palau has a current risk level of 3 (out of 5). We advise: Use some caution when travelling Palau.
Paraguay,SA,3.0,Paraguay has a current risk level of 3 (out of 5). We advise: Use some caution when travelling Paraguay.,2024-08-13 08:21:03,https://www.travel-advisory.info/paraguay,-23.3165935,-58.1693445,Travel with Caution,Paraguay has a current risk level of 3 (out of 5). We advise: Use some caution when travelling Paraguay.
Qatar,AS,3.0,Qatar has a current risk level of 3 (out of 5). We advise: Use some caution when travelling Qatar.,2024-08-13 08:21:03,https://www.travel-advisory.info/qatar,25.3336984,51.2295295,Travel with Caution,Qatar has a current risk level of 3 (out of 5). We advise: Use some caution when travelling Qatar.
Reunion,AF,4.0,Reunion has a current risk level of 4 (out of 5). We advise: Please reconsider your need to travel to Reunion.,2024-08-13 08:21:03,https://www.travel-advisory.info/reunion,-21.1309332,55.5265771,Not Recommended for Travel,Reunion has a current risk level of 4 (out of 5). We advise: Please reconsider your need to travel to Reunion.
Romania,EU,3.2,Romania has a current risk level of 3.2 (out of 5). We advise: Use some caution when travelling Romania.,2024-08-13 08:21:03,https://www.travel-advisory.info/romania,45.9852129,24.6859225,Travel with Caution - Preferred Continent,Romania has a current risk level of 3.2 (out of 5). We advise: Use some caution when travelling Romania.
Serbia,EU,3.4,Serbia has a current risk level of 3.4 (out of 5). We advise: Use some caution when travelling Serbia.,2024-08-13 08:21:03,https://www.travel-advisory.info/serbia,44.024322850000004,21.07657433209902,Travel with Caution - Preferred Continent,Serbia has a current risk level of 3.4 (out of 5). We advise: Use some caution when travelling Serbia.
Russia,EU,4.4,Russia has a current risk level of 4.4 (out of 5). We advise: Please reconsider your need to travel to Russia.,2024-08-13 08:21:03,https://www.travel-advisory.info/russia,64.6863136,97.7453061,Not Recommended for Travel,Russia has a current risk level of 4.4 (out of 5). We advise: Please reconsider your need to travel to Russia.
Rwanda,AF,3.0,Rwanda has a current risk level of 3 (out of 5). We advise: Use some caution when travelling Rwanda.,2024-08-13 08:21:03,https://www.travel-advisory.info/rwanda,-1.9646631,30.0644358,Travel with Caution,Rwanda has a current risk level of 3 (out of 5). We advise: Use some caution when travelling Rwanda.
Saudi Arabia,AS,3.2,Saudi Arabia has a current risk level of 3.2 (out of 5). We advise: Use some caution when travelling Saudi Arabia.,2024-08-13 08:21:03,https://www.travel-advisory.info/saudi-arabia,25.6242618,42.3528328,Travel with Caution,Saudi Arabia has a current risk level of 3.2 (out of 5). We advise: Use some caution when travelling Saudi Arabia.
Solomon Islands,OC,3.3,Solomon Islands has a current risk level of 3.3 (out of 5). We advise: Use some caution when travelling Solomon Islands.,2024-08-13 08:21:03,https://www.travel-advisory.info/solomon-islands,-8.7053941,159.1070693851845,Travel with Caution,Solomon Islands has a current risk level of 3.3 (out of 5). We advise: Use some caution when travelling Solomon Islands.
Seychelles,AF,3.0,Seychelles has a current risk level of 3 (out of 5). We advise: Use some caution when travelling Seychelles.,2024-08-13 08:21:03,https://www.travel-advisory.info/seychelles,-4.6574977,55.4540146,Travel with Caution,Seychelles has a current risk level of 3 (out of 5). We advise: Use some caution when travelling Seychelles.
Sudan,AF,4.7,Sudan has a current risk level of 4.7 (out of 5). We advise: It is not safe to travel Sudan.,2024-08-13 08:21:03,https://www.travel-advisory.info/sudan,10.9,6.5,Not Recommended for Travel,Sudan has a current risk level of 4.7 (out of 5). We advise: It is not safe to travel Sudan.
Sweden,EU,3.5,Sweden has a current risk level of 3.5 (out of 5). We advise: Please reconsider your need to travel to Sweden.,2024-08-13 08:21:03,https://www.travel-advisory.info/sweden,59.6749712,14.5208584,Travel with Caution - Preferred Continent,Sweden has a current risk level of 3.5 (out of 5). We advise: Please reconsider your need to travel to Sweden.
Singapore,AS,2.8,Singapore has a current risk level of 2.8 (out of 5). We advise: Use some caution when travelling Singapore.,2024-08-13 08:21:03,https://www.travel-advisory.info/singapore,1.357107,103.8194992,Travel with Caution,Singapore has a current risk level of 2.8 (out of 5). We advise: Use some caution when travelling Singapore.
Saint Helena,AF,0.0,Saint Helena has a current risk level of 0 (out of 5). We advise: Travelling Saint Helena is (relatively) safe.,2024-08-13 08:21:03,https://www.travel-advisory.info/saint-helena,-15.96545515,-5.702575637953244,Safe to Travel,Saint Helena has a current risk level of 0 (out of 5). We advise: Travelling Saint Helena is (relatively) safe.
Slovenia,EU,3.0,Slovenia has a current risk level of 3 (out of 5). We advise: Use some caution when travelling Slovenia.,2024-08-13 08:21:03,https://www.travel-advisory.info/slovenia,46.1199444,14.8153333,Travel with Caution - Preferred Continent,Slovenia has a current risk level of 3 (out of 5). We advise: Use some caution when travelling Slovenia.
Svalbard and Jan Mayen,EU,0.0,Svalbard and Jan Mayen has a current risk level of 0 (out of 5). We advise: Travelling Svalbard and Jan Mayen is (relatively) safe.,2024-08-13 08:21:03,https://www.travel-advisory.info/svalbard-and-jan-mayen,78.51240265,16.605574070831505,Safe to Travel - Preferred Continent,Svalbard and Jan Mayen has a current risk level of 0 (out of 5). We advise: Travelling Svalbard and Jan Mayen is (relatively) safe.
Slovakia,EU,3.0,Slovakia has a current risk level of 3 (out of 5). We advise: Use some caution when travelling Slovakia.,2024-08-13 08:21:03,https://www.travel-advisory.info/slovakia,48.7411522,19.4528646,Travel with Caution - Preferred Continent,Slovakia has a current risk level of 3 (out of 5). We advise: Use some caution when travelling Slovakia.
Sierra Leone,AF,3.5,Sierra Leone has a current risk level of 3.5 (out of 5). We advise: Please reconsider your need to travel to Sierra Leone.,2024-08-13 08:21:03,https://www.travel-advisory.info/sierra-leone,8.6400349,-11.8400269,Travel with Caution,Sierra Leone has a current risk level of 3.5 (out of 5). We advise: Please reconsider your need to travel to Sierra Leone.
San Marino,EU,5.0,San Marino has a current risk level of 5 (out of 5). We advise: It is not safe to travel San Marino.,2024-08-13 08:21:03,https://www.travel-advisory.info/san-marino,43.9458623,12.458306,Not Recommended for Travel,San Marino has a current risk level of 5 (out of 5). We advise: It is not safe to travel San Marino.
Senegal,AF,3.6,Senegal has a current risk level of 3.6 (out of 5). We advise: Please reconsider your need to travel to Senegal.,2024-08-13 08:21:03,https://www.travel-advisory.info/senegal,14.4750607,-14.4529612,Travel with Caution,Senegal has a current risk level of 3.6 (out of 5). We advise: Please reconsider your need to travel to Senegal.
Somalia,AF,5.0,Somalia has a current risk level of 5 (out of 5). We advise: It is not safe to travel Somalia.,2024-08-13 08:21:03,https://www.travel-advisory.info/somalia,8.3676771,49.083416,Not Recommended for Travel,Somalia has a current risk level of 5 (out of 5). We advise: It is not safe to travel Somalia.
Suriname,SA,2.5,Suriname has a current risk level of 2.5 (out of 5). We advise: Use some caution when travelling Suriname.,2024-08-13 08:21:03,https://www.travel-advisory.info/suriname,4.1413025,-56.0771187,Travel with Caution,Suriname has a current risk level of 2.5 (out of 5). We advise: Use some caution when travelling Suriname.
South Sudan,AF,5.0,South Sudan has a current risk level of 5 (out of 5). We advise: It is not safe to travel South Sudan.,2024-08-13 08:21:03,https://www.travel-advisory.info/south-sudan,7.8699431,29.6667897,Not Recommended for Travel,South Sudan has a current risk level of 5 (out of 5). We advise: It is not safe to travel South Sudan.
Sao Tome and Principe,AF,2.5,Sao Tome and Principe has a current risk level of 2.5 (out of 5). We advise: Use some caution when travelling Sao Tome and Principe.,2024-08-13 08:21:03,https://www.travel-advisory.info/sao-tome-and-principe,0.9713095,7.02255,Travel with Caution,Sao Tome and Principe has a current risk level of 2.5 (out of 5). We advise: Use some caution when travelling Sao Tome and Principe.
El Salvador,,3.3,El Salvador has a current risk level of 3.3 (out of 5). We advise: Use some caution when travelling El Salvador.,2024-08-13 08:21:03,https://www.travel-advisory.info/el-salvador,13.8000382,-88.9140683,Travel with Caution,El Salvador has a current risk level of 3.3 (out of 5). We advise: Use some caution when travelling El Salvador.
Syria,AS,5.0,Syria has a current risk level of 5 (out of 5). We advise: It is not safe to travel Syria.,2024-08-13 08:21:03,https://www.travel-advisory.info/syria,34.8147886,38.42317811509885,Not Recommended for Travel,Syria has a current risk level of 5 (out of 5). We advise: It is not safe to travel Syria.
Swaziland,AF,2.7,Swaziland has a current risk level of 2.7 (out of 5). We advise: Use some caution when travelling Swaziland.,2024-08-13 08:21:03,https://www.travel-advisory.info/swaziland,-26.5624806,31.3991317,Travel with Caution,Swaziland has a current risk level of 2.7 (out of 5). We advise: Use some caution when travelling Swaziland.
Turks and Caicos Islands,,3.0,Turks and Caicos Islands has a current risk level of 3 (out of 5). We advise: Use some caution when travelling Turks and Caicos Islands.,2024-08-13 08:21:03,https://www.travel-advisory.info/turks-and-caicos-islands,21.721746,-71.5527809,Travel with Caution,Turks and Caicos Islands has a current risk level of 3 (out of 5). We advise: Use some caution when travelling Turks and Caicos Islands.
Chad,AF,3.7,Chad has a current risk level of 3.7 (out of 5). We advise: Please reconsider your need to travel to Chad.,2024-08-13 08:21:03,https://www.travel-advisory.info/chad,15.6134137,19.0156172,Travel with Caution,Chad has a current risk level of 3.7 (out of 5). We advise: Please reconsider your need to travel to Chad.
Togo,AF,2.5,Togo has a current risk level of 2.5 (out of 5). We advise: Use some caution when travelling Togo.,2024-08-13 08:21:03,https://www.travel-advisory.info/togo,8.7800265,1.0199765,Travel with Caution,Togo has a current risk level of 2.5 (out of 5). We advise: Use some caution when travelling Togo.
Thailand,AS,2.7,Thailand has a current risk level of 2.7 (out of 5). We advise: Use some caution when travelling Thailand.,2024-08-13 08:21:03,https://www.travel-advisory.info/thailand,14.8971921,100.83273,Travel with Caution,Thailand has a current risk level of 2.7 (out of 5). We advise: Use some caution when travelling Thailand.
Tajikistan,AS,3.0,Tajikistan has a current risk level of 3 (out of 5). We advise: Use some caution when travelling Tajikistan.,2024-08-13 08:21:03,https://www.travel-advisory.info/tajikistan,38.6281733,70.8156541,Travel with Caution,Tajikistan has a current risk level of 3 (out of 5). We advise: Use some caution when travelling Tajikistan.
East Timor,OC,3.2,East Timor has a current risk level of 3.2 (out of 5). We advise: Use some caution when travelling East Timor.,2024-08-13 08:21:03,https://www.travel-advisory.info/east-timor,-8.7443169,126.063482,Travel with Caution,East Timor has a current risk level of 3.2 (out of 5). We advise: Use some caution when travelling East Timor.
Turkmenistan,AS,2.6,Turkmenistan has a current risk level of 2.6 (out of 5). We advise: Use some caution when travelling Turkmenistan.,2024-08-13 08:21:03,https://www.travel-advisory.info/turkmenistan,39.3763807,59.3924609,Travel with Caution,Turkmenistan has a current risk level of 2.6 (out of 5). We advise: Use some caution when travelling Turkmenistan.
Tunisia,AF,3.0,Tunisia has a current risk level of 3 (out of 5). We advise: Use some caution when travelling Tunisia.,2024-08-13 08:21:03,https://www.travel-advisory.info/tunisia,36.8002068,10.1857757,Travel with Caution,Tunisia has a current risk level of 3 (out of 5). We advise: Use some caution when travelling Tunisia.
Tonga,OC,2.5,Tonga has a current risk level of 2.5 (out of 5). We advise: Use some caution when travelling Tonga.,2024-08-13 08:21:03,https://www.travel-advisory.info/tonga,-19.9160819,-175.202642,Travel with Caution,Tonga has a current risk level of 2.5 (out of 5). We advise: Use some caution when travelling Tonga.
Turkey,AS,3.5,Turkey has a current risk level of 3.5 (out of 5). We advise: Please reconsider your need to travel to Turkey.,2024-08-13 08:21:03,https://www.travel-advisory.info/turkey,38.9597594,34.9249653,Travel with Caution,Turkey has a current risk level of 3.5 (out of 5). We advise: Please reconsider your need to travel to Turkey.
Trinidad and Tobago,,3.8,Trinidad and Tobago has a current risk level of 3.8 (out of 5). We advise: Please reconsider your need to travel to Trinidad and Tobago.,2024-08-13 08:21:03,https://www.travel-advisory.info/trinidad-and-tobago,10.7466905,-61.0840075,Travel with Caution,Trinidad and Tobago has a current risk level of 3.8 (out of 5). We advise: Please reconsider your need to travel to Trinidad and Tobago.
Tuvalu,OC,1.0,Tuvalu has a current risk level of 1 (out of 5). We advise: Travelling Tuvalu is (relatively) safe.,2024-08-13 08:21:03,https://www.travel-advisory.info/tuvalu,-8.6405212,179.1582918181797,Safe to Travel,Tuvalu has a current risk level of 1 (out of 5). We advise: Travelling Tuvalu is (relatively) safe.
Taiwan,AS,2.7,Taiwan has a current risk level of 2.7 (out of 5). We advise: Use some caution when travelling Taiwan.,2024-08-13 08:21:03,https://www.travel-advisory.info/taiwan,23.5983227,120.83537694479215,Travel with Caution,Taiwan has a current risk level of 2.7 (out of 5). We advise: Use some caution when travelling Taiwan.
Tanzania,AF,3.0,Tanzania has a current risk level of 3 (out of 5). We advise: Use some caution when travelling Tanzania.,2024-08-13 08:21:03,https://www.travel-advisory.info/tanzania,-6.5247123,35.7878438,Travel with Caution,Tanzania has a current risk level of 3 (out of 5). We advise: Use some caution when travelling Tanzania.
Ukraine,EU,4.7,Ukraine has a current risk level of 4.7 (out of 5). We advise: It is not safe to travel Ukraine.,2024-08-13 08:21:03,https://www.travel-advisory.info/ukraine,49.4871968,31.2718321,Not Recommended for Travel,Ukraine has a current risk level of 4.7 (out of 5). We advise: It is not safe to travel Ukraine.
Uganda,AF,3.5,Uganda has a current risk level of 3.5 (out of 5). We advise: Please reconsider your need to travel to Uganda.,2024-08-13 08:21:03,https://www.travel-advisory.info/uganda,1.5333554,32.2166578,Travel with Caution,Uganda has a current risk level of 3.5 (out of 5). We advise: Please reconsider your need to travel to Uganda.
United States,,2.7,United States has a current risk level of 2.7 (out of 5). We advise: Use some caution when travelling United States.,2024-08-13 08:21:03,https://www.travel-advisory.info/united-states,39.7837304,-100.445882,Travel with Caution,United States has a current risk level of 2.7 (out of 5). We advise: Use some caution when travelling United States.
Uruguay,SA,3.3,Uruguay has a current risk level of 3.3 (out of 5). We advise: Use some caution when travelling Uruguay.,2024-08-13 08:21:03,https://www.travel-advisory.info/uruguay,-32.8755548,-56.0201525,Travel with Caution,Uruguay has a current risk level of 3.3 (out of 5). We advise: Use some caution when travelling Uruguay.
Uzbekistan,AS,3.0,Uzbekistan has a current risk level of 3 (out of 5). We advise: Use some caution when travelling Uzbekistan.,2024-08-13 08:21:03,https://www.travel-advisory.info/uzbekistan,41.32373,63.9528098,Travel with Caution,Uzbekistan has a current risk level of 3 (out of 5). We advise: Use some caution when travelling Uzbekistan.
Vatican,EU,5.0,Vatican has a current risk level of 5 (out of 5). We advise: It is not safe to travel Vatican.,2024-08-13 08:21:03,https://www.travel-advisory.info/vatican,41.903411,12.4528527,Not Recommended for Travel,Vatican has a current risk level of 5 (out of 5). We advise: It is not safe to travel Vatican.
Saint Vincent and the Grenadines,,2.5,Saint Vincent and the Grenadines has a current risk level of 2.5 (out of 5). We advise: Use some caution when travelling Saint Vincent and the Grenadines.,2024-08-13 08:21:03,https://www.travel-advisory.info/saint-vincent-and-the-grenadines,12.90447,-61.2765569,Travel with Caution,Saint Vincent and the Grenadines has a current risk level of 2.5 (out of 5). We advise: Use some caution when travelling Saint Vincent and the Grenadines.
Venezuela,SA,4.1,Venezuela has a current risk level of 4.1 (out of 5). We advise: Please reconsider your need to travel to Venezuela.,2024-08-13 08:21:03,https://www.travel-advisory.info/venezuela,8.0018709,-66.1109318,Not Recommended for Travel,Venezuela has a current risk level of 4.1 (out of 5). We advise: Please reconsider your need to travel to Venezuela.
British Virgin Islands,,2.5,British Virgin Islands has a current risk level of 2.5 (out of 5). We advise: Use some caution when travelling British Virgin Islands.,2024-08-13 08:21:03,https://www.travel-advisory.info/british-virgin-islands,18.4024395,-64.5661642,Travel with Caution,British Virgin Islands has a current risk level of 2.5 (out of 5). We advise: Use some caution when travelling British Virgin Islands.
U.S. Virgin Islands,,4.0,U.S. Virgin Islands has a current risk level of 4 (out of 5). We advise: Please reconsider your need to travel to U.S. Virgin Islands.,2024-08-13 08:21:03,https://www.travel-advisory.info/us-virgin-islands,17.789187,-64.7080574,Not Recommended for Travel,U.S. Virgin Islands has a current risk level of 4 (out of 5). We advise: Please reconsider your need to travel to U.S. Virgin Islands.
Vietnam,AS,2.7,Vietnam has a current risk level of 2.7 (out of 5). We advise: Use some caution when travelling Vietnam.,2024-08-13 08:21:03,https://www.travel-advisory.info/vietnam,15.9266657,107.9650855,Travel with Caution,Vietnam has a current risk level of 2.7 (out of 5). We advise: Use some caution when travelling Vietnam.
Vanuatu,OC,3.0,Vanuatu has a current risk level of 3 (out of 5). We advise: Use some caution when travelling Vanuatu.,2024-08-13 08:21:03,https://www.travel-advisory.info/vanuatu,-16.5255069,168.1069154,Travel with Caution,Vanuatu has a current risk level of 3 (out of 5). We advise: Use some caution when travelling Vanuatu.
Wallis and Futuna,OC,0.0,Wallis and Futuna has a current risk level of 0 (out of 5). We advise: Travelling Wallis and Futuna is (relatively) safe.,2024-08-13 08:21:03,https://www.travel-advisory.info/wallis-and-futuna,-13.289402,-176.204224,Safe to Travel,Wallis and Futuna has a current risk level of 0 (out of 5). We advise: Travelling Wallis and Futuna is (relatively) safe.
Samoa,OC,3.0,Samoa has a current risk level of 3 (out of 5). We advise: Use some caution when travelling Samoa.,2024-08-13 08:21:03,https://www.travel-advisory.info/samoa,-13.7693895,-172.12005,Travel with Caution,Samoa has a current risk level of 3 (out of 5). We advise: Use some caution when travelling Samoa.
Kosovo,EU,3.6,Kosovo has a current risk level of 3.6 (out of 5). We advise: Please reconsider your need to travel to Kosovo.,2024-08-13 08:21:03,https://www.travel-advisory.info/kosovo,42.5869578,20.9021231,Travel with Caution - Preferred Continent,Kosovo has a current risk level of 3.6 (out of 5). We advise: Please reconsider your need to travel to Kosovo.
Yemen,AS,5.0,Yemen has a current risk level of 5 (out of 5). We advise: It is not safe to travel Yemen.,2024-08-13 08:21:03,https://www.travel-advisory.info/yemen,16.3471243,47.8915271,Not Recommended for Travel,Yemen has a current risk level of 5 (out of 5). We advise: It is not safe to travel Yemen.
Mayotte,AF,3.5,Mayotte has a current risk level of 3.5 (out of 5). We advise: Please reconsider your need to travel to Mayotte.,2024-08-13 08:21:03,https://www.travel-advisory.info/mayotte,-12.823048,45.1520755,Travel with Caution,Mayotte has a current risk level of 3.5 (out of 5). We advise: Please reconsider your need to travel to Mayotte.
South Africa,AF,3.4,South Africa has a current risk level of 3.4 (out of 5). We advise: Use some caution when travelling South Africa.,2024-08-13 08:21:03,https://www.travel-advisory.info/south-africa,-28.8166236,24.991639,Travel with Caution,South Africa has a current risk level of 3.4 (out of 5). We advise: Use some caution when travelling South Africa.
Zambia,AF,3.0,Zambia has a current risk level of 3 (out of 5). We advise: Use some caution when travelling Zambia.,2024-08-13 08:21:03,https://www.travel-advisory.info/zambia,-14.5189121,27.5589884,Travel with Caution,Zambia has a current risk level of 3 (out of 5). We advise: Use some caution when travelling Zambia.
Zimbabwe,AF,3.2,Zimbabwe has a current risk level of 3.2 (out of 5). We advise: Use some caution when travelling Zimbabwe.,2024-08-13 08:21:03,https://www.travel-advisory.info/zimbabwe,-18.4554963,29.7468414,Travel with Caution,Zimbabwe has a current risk level of 3.2 (out of 5). We advise: Use some caution when travelling Zimbabwe.
