Country,Continent,Risk Score,Advisory Message,Last Updated,Source,Recommendation,Details
Andorra,EU,3,Andorra has a current risk level of 3 (out of 5). We advise: Use some caution when travelling Andorra.,8/13/2024 8:21,https://www.travel-advisory.info/andorra,Travel with Caution,Andorra has a current risk level of 3 (out of 5). We advise: Use some caution when travelling Andorra.
United Arab Emirates,AS,3.2,United Arab Emirates has a current risk level of 3.2 (out of 5). We advise: Use some caution when travelling United Arab Emirates.,8/13/2024 8:21,https://www.travel-advisory.info/united-arab-emirates,Travel with Caution,United Arab Emirates has a current risk level of 3.2 (out of 5). We advise: Use some caution when travelling United Arab Emirates.
Afghanistan,AS,5,Afghanistan has a current risk level of 5 (out of 5). We advise: It is not safe to travel Afghanistan.,8/13/2024 8:21,https://www.travel-advisory.info/afghanistan,Not Recommended for Travel,Afghanistan has a current risk level of 5 (out of 5). We advise: It is not safe to travel Afghanistan.
Antigua and Barbuda,,2.5,Antigua and Barbuda has a current risk level of 2.5 (out of 5). We advise: Use some caution when travelling Antigua and Barbuda.,8/13/2024 8:21,https://www.travel-advisory.info/antigua-and-barbuda,Travel with Caution,Antigua and Barbuda has a current risk level of 2.5 (out of 5). We advise: Use some caution when travelling Antigua and Barbuda.
Anguilla,,2.5,Anguilla has a current risk level of 2.5 (out of 5). We advise: Use some caution when travelling Anguilla.,8/13/2024 8:21,https://www.travel-advisory.info/anguilla,Travel with Caution,Anguilla has a current risk level of 2.5 (out of 5). We advise: Use some caution when travelling Anguilla.
Albania,EU,3.6,Albania has a current risk level of 3.6 (out of 5). We advise: Please reconsider your need to travel to Albania.,8/13/2024 8:21,https://www.travel-advisory.info/albania,Travel with Caution,Albania has a current risk level of 3.6 (out of 5). We advise: Please reconsider your need to travel to Albania.
Armenia,AS,3.3,Armenia has a current risk level of 3.3 (out of 5). We advise: Use some caution when travelling Armenia.,8/13/2024 8:21,https://www.travel-advisory.info/armenia,Travel with Caution,Armenia has a current risk level of 3.3 (out of 5). We advise: Use some caution when travelling Armenia.
Angola,AF,3,Angola has a current risk level of 3 (out of 5). We advise: Use some caution when travelling Angola.,8/13/2024 8:21,https://www.travel-advisory.info/angola,Travel with Caution,Angola has a current risk level of 3 (out of 5). We advise: Use some caution when travelling Angola.
Argentina,SA,3.2,Argentina has a current risk level of 3.2 (out of 5). We advise: Use some caution when travelling Argentina.,8/13/2024 8:21,https://www.travel-advisory.info/argentina,Travel with Caution,Argentina has a current risk level of 3.2 (out of 5). We advise: Use some caution when travelling Argentina.
American Samoa,OC,0,American Samoa has a current risk level of 0 (out of 5). We advise: Travelling American Samoa is (relatively) safe.,8/13/2024 8:21,https://www.travel-advisory.info/american-samoa,Safe to Travel,American Samoa has a current risk level of 0 (out of 5). We advise: Travelling American Samoa is (relatively) safe.
Austria,EU,3,Austria has a current risk level of 3 (out of 5). We advise: Use some caution when travelling Austria.,8/13/2024 8:21,https://www.travel-advisory.info/austria,Travel with Caution,Austria has a current risk level of 3 (out of 5). We advise: Use some caution when travelling Austria.
Australia,OC,2.3,Australia has a current risk level of 2.3 (out of 5). We advise: Travelling Australia is (relatively) safe.,8/13/2024 8:21,https://www.travel-advisory.info/australia,Travel with Caution,Australia has a current risk level of 2.3 (out of 5). We advise: Travelling Australia is (relatively) safe.
Aruba,,1,Aruba has a current risk level of 1 (out of 5). We advise: Travelling Aruba is (relatively) safe.,8/13/2024 8:21,https://www.travel-advisory.info/aruba,Safe to Travel,Aruba has a current risk level of 1 (out of 5). We advise: Travelling Aruba is (relatively) safe.
Azerbaijan,AS,3.3,Azerbaijan has a current risk level of 3.3 (out of 5). We advise: Use some caution when travelling Azerbaijan.,8/13/2024 8:21,https://www.travel-advisory.info/azerbaijan,Travel with Caution,Azerbaijan has a current risk level of 3.3 (out of 5). We advise: Use some caution when travelling Azerbaijan.
Bosnia and Herzegovina,EU,3.5,Bosnia and Herzegovina has a current risk level of 3.5 (out of 5). We advise: Please reconsider your need to travel to Bosnia and Herzegovina.,8/13/2024 8:21,https://www.travel-advisory.info/bosnia-and-herzegovina,Travel with Caution,Bosnia and Herzegovina has a current risk level of 3.5 (out of 5). We advise: Please reconsider your need to travel to Bosnia and Herzegovina.
Barbados,,2.5,Barbados has a current risk level of 2.5 (out of 5). We advise: Use some caution when travelling Barbados.,8/13/2024 8:21,https://www.travel-advisory.info/barbados,Travel with Caution,Barbados has a current risk level of 2.5 (out of 5). We advise: Use some caution when travelling Barbados.
Bangladesh,AS,4.1,Bangladesh has a current risk level of 4.1 (out of 5). We advise: Please reconsider your need to travel to Bangladesh.,8/13/2024 8:21,https://www.travel-advisory.info/bangladesh,Not Recommended for Travel,Bangladesh has a current risk level of 4.1 (out of 5). We advise: Please reconsider your need to travel to Bangladesh.
Belgium,EU,3,Belgium has a current risk level of 3 (out of 5). We advise: Use some caution when travelling Belgium.,8/13/2024 8:21,https://www.travel-advisory.info/belgium,Travel with Caution,Belgium has a current risk level of 3 (out of 5). We advise: Use some caution when travelling Belgium.
Burkina Faso,AF,4.1,Burkina Faso has a current risk level of 4.1 (out of 5). We advise: Please reconsider your need to travel to Burkina Faso.,8/13/2024 8:21,https://www.travel-advisory.info/burkina-faso,Not Recommended for Travel,Burkina Faso has a current risk level of 4.1 (out of 5). We advise: Please reconsider your need to travel to Burkina Faso.
Bulgaria,EU,2.8,Bulgaria has a current risk level of 2.8 (out of 5). We advise: Use some caution when travelling Bulgaria.,8/13/2024 8:21,https://www.travel-advisory.info/bulgaria,Travel with Caution,Bulgaria has a current risk level of 2.8 (out of 5). We advise: Use some caution when travelling Bulgaria.
Bahrain,AS,3.5,Bahrain has a current risk level of 3.5 (out of 5). We advise: Please reconsider your need to travel to Bahrain.,8/13/2024 8:21,https://www.travel-advisory.info/bahrain,Travel with Caution,Bahrain has a current risk level of 3.5 (out of 5). We advise: Please reconsider your need to travel to Bahrain.
Burundi,AF,4,Burundi has a current risk level of 4 (out of 5). We advise: Please reconsider your need to travel to Burundi.,8/13/2024 8:21,https://www.travel-advisory.info/burundi,Not Recommended for Travel,Burundi has a current risk level of 4 (out of 5). We advise: Please reconsider your need to travel to Burundi.
Benin,AF,3.2,Benin has a current risk level of 3.2 (out of 5). We advise: Use some caution when travelling Benin.,8/13/2024 8:21,https://www.travel-advisory.info/benin,Travel with Caution,Benin has a current risk level of 3.2 (out of 5). We advise: Use some caution when travelling Benin.
Saint Barthélemy,,0,Saint Barthélemy has a current risk level of 0 (out of 5). We advise: Travelling Saint Barthélemy is (relatively) safe.,8/13/2024 8:21,https://www.travel-advisory.info/saint-barthelemy,Safe to Travel,Saint Barthélemy has a current risk level of 0 (out of 5). We advise: Travelling Saint Barthélemy is (relatively) safe.
Bermuda,,2.5,Bermuda has a current risk level of 2.5 (out of 5). We advise: Use some caution when travelling Bermuda.,8/13/2024 8:21,https://www.travel-advisory.info/bermuda,Travel with Caution,Bermuda has a current risk level of 2.5 (out of 5). We advise: Use some caution when travelling Bermuda.
Brunei,AS,3,Brunei has a current risk level of 3 (out of 5). We advise: Use some caution when travelling Brunei.,8/13/2024 8:21,https://www.travel-advisory.info/brunei,Travel with Caution,Brunei has a current risk level of 3 (out of 5). We advise: Use some caution when travelling Brunei.
Bolivia,SA,3.2,Bolivia has a current risk level of 3.2 (out of 5). We advise: Use some caution when travelling Bolivia.,8/13/2024 8:21,https://www.travel-advisory.info/bolivia,Travel with Caution,Bolivia has a current risk level of 3.2 (out of 5). We advise: Use some caution when travelling Bolivia.
Brazil,SA,3.1,Brazil has a current risk level of 3.1 (out of 5). We advise: Use some caution when travelling Brazil.,8/13/2024 8:21,https://www.travel-advisory.info/brazil,Travel with Caution,Brazil has a current risk level of 3.1 (out of 5). We advise: Use some caution when travelling Brazil.
Bahamas,,3,Bahamas has a current risk level of 3 (out of 5). We advise: Use some caution when travelling Bahamas.,8/13/2024 8:21,https://www.travel-advisory.info/bahamas,Travel with Caution,Bahamas has a current risk level of 3 (out of 5). We advise: Use some caution when travelling Bahamas.
Bhutan,AS,3,Bhutan has a current risk level of 3 (out of 5). We advise: Use some caution when travelling Bhutan.,8/13/2024 8:21,https://www.travel-advisory.info/bhutan,Travel with Caution,Bhutan has a current risk level of 3 (out of 5). We advise: Use some caution when travelling Bhutan.
Botswana,AF,3,Botswana has a current risk level of 3 (out of 5). We advise: Use some caution when travelling Botswana.,8/13/2024 8:21,https://www.travel-advisory.info/botswana,Travel with Caution,Botswana has a current risk level of 3 (out of 5). We advise: Use some caution when travelling Botswana.
Belarus,EU,4.9,Belarus has a current risk level of 4.9 (out of 5). We advise: It is not safe to travel Belarus.,8/13/2024 8:21,https://www.travel-advisory.info/belarus,Not Recommended for Travel,Belarus has a current risk level of 4.9 (out of 5). We advise: It is not safe to travel Belarus.
Belize,,3,Belize has a current risk level of 3 (out of 5). We advise: Use some caution when travelling Belize.,8/13/2024 8:21,https://www.travel-advisory.info/belize,Travel with Caution,Belize has a current risk level of 3 (out of 5). We advise: Use some caution when travelling Belize.
Canada,,2.8,Canada has a current risk level of 2.8 (out of 5). We advise: Use some caution when travelling Canada.,8/13/2024 8:21,https://www.travel-advisory.info/canada,Travel with Caution,Canada has a current risk level of 2.8 (out of 5). We advise: Use some caution when travelling Canada.
Cocos Islands,SA,0,Cocos Islands has a current risk level of 0 (out of 5). We advise: Travelling Cocos Islands is (relatively) safe.,8/13/2024 8:21,https://www.travel-advisory.info/cocos-islands,Safe to Travel,Cocos Islands has a current risk level of 0 (out of 5). We advise: Travelling Cocos Islands is (relatively) safe.
Democratic Republic of the Congo,AF,3.7,Democratic Republic of the Congo has a current risk level of 3.7 (out of 5). We advise: Please reconsider your need to travel to Democratic Republic of the Congo.,8/13/2024 8:21,https://www.travel-advisory.info/democratic-republic-of-the-congo,Travel with Caution,Democratic Republic of the Congo has a current risk level of 3.7 (out of 5). We advise: Please reconsider your need to travel to Democratic Republic of the Congo.
Central African Republic,AF,5,Central African Republic has a current risk level of 5 (out of 5). We advise: It is not safe to travel Central African Republic.,8/13/2024 8:21,https://www.travel-advisory.info/central-african-republic,Not Recommended for Travel,Central African Republic has a current risk level of 5 (out of 5). We advise: It is not safe to travel Central African Republic.
Republic of the Congo,AF,2.7,Republic of the Congo has a current risk level of 2.7 (out of 5). We advise: Use some caution when travelling Republic of the Congo.,8/13/2024 8:21,https://www.travel-advisory.info/republic-of-the-congo,Travel with Caution,Republic of the Congo has a current risk level of 2.7 (out of 5). We advise: Use some caution when travelling Republic of the Congo.
Switzerland,EU,4,Switzerland has a current risk level of 4 (out of 5). We advise: Please reconsider your need to travel to Switzerland.,8/13/2024 8:21,https://www.travel-advisory.info/switzerland,Not Recommended for Travel,Switzerland has a current risk level of 4 (out of 5). We advise: Please reconsider your need to travel to Switzerland.
Ivory Coast,AF,3.3,Ivory Coast has a current risk level of 3.3 (out of 5). We advise: Use some caution when travelling Ivory Coast.,8/13/2024 8:21,https://www.travel-advisory.info/ivory-coast,Travel with Caution,Ivory Coast has a current risk level of 3.3 (out of 5). We advise: Use some caution when travelling Ivory Coast.
Cook Islands,OC,5,Cook Islands has a current risk level of 5 (out of 5). We advise: It is not safe to travel Cook Islands.,8/13/2024 8:21,https://www.travel-advisory.info/cook-islands,Not Recommended for Travel,Cook Islands has a current risk level of 5 (out of 5). We advise: It is not safe to travel Cook Islands.
Chile,SA,3.3,Chile has a current risk level of 3.3 (out of 5). We advise: Use some caution when travelling Chile.,8/13/2024 8:21,https://www.travel-advisory.info/chile,Travel with Caution,Chile has a current risk level of 3.3 (out of 5). We advise: Use some caution when travelling Chile.
Cameroon,AF,3.2,Cameroon has a current risk level of 3.2 (out of 5). We advise: Use some caution when travelling Cameroon.,8/13/2024 8:21,https://www.travel-advisory.info/cameroon,Travel with Caution,Cameroon has a current risk level of 3.2 (out of 5). We advise: Use some caution when travelling Cameroon.
China,AS,3.4,China has a current risk level of 3.4 (out of 5). We advise: Use some caution when travelling China.,8/13/2024 8:21,https://www.travel-advisory.info/china,Travel with Caution,China has a current risk level of 3.4 (out of 5). We advise: Use some caution when travelling China.
Colombia,SA,3.3,Colombia has a current risk level of 3.3 (out of 5). We advise: Use some caution when travelling Colombia.,8/13/2024 8:21,https://www.travel-advisory.info/colombia,Travel with Caution,Colombia has a current risk level of 3.3 (out of 5). We advise: Use some caution when travelling Colombia.
Costa Rica,,3.3,Costa Rica has a current risk level of 3.3 (out of 5). We advise: Use some caution when travelling Costa Rica.,8/13/2024 8:21,https://www.travel-advisory.info/costa-rica,Travel with Caution,Costa Rica has a current risk level of 3.3 (out of 5). We advise: Use some caution when travelling Costa Rica.
Cuba,,2.8,Cuba has a current risk level of 2.8 (out of 5). We advise: Use some caution when travelling Cuba.,8/13/2024 8:21,https://www.travel-advisory.info/cuba,Travel with Caution,Cuba has a current risk level of 2.8 (out of 5). We advise: Use some caution when travelling Cuba.
Cape Verde,AF,2.5,Cape Verde has a current risk level of 2.5 (out of 5). We advise: Use some caution when travelling Cape Verde.,8/13/2024 8:21,https://www.travel-advisory.info/cape-verde,Travel with Caution,Cape Verde has a current risk level of 2.5 (out of 5). We advise: Use some caution when travelling Cape Verde.
Christmas Island,OC,0,Christmas Island has a current risk level of 0 (out of 5). We advise: Travelling Christmas Island is (relatively) safe.,8/13/2024 8:21,https://www.travel-advisory.info/christmas-island,Safe to Travel,Christmas Island has a current risk level of 0 (out of 5). We advise: Travelling Christmas Island is (relatively) safe.
Cyprus,EU,3,Cyprus has a current risk level of 3 (out of 5). We advise: Use some caution when travelling Cyprus.,8/13/2024 8:21,https://www.travel-advisory.info/cyprus,Travel with Caution,Cyprus has a current risk level of 3 (out of 5). We advise: Use some caution when travelling Cyprus.
Czech Republic,EU,3.2,Czech Republic has a current risk level of 3.2 (out of 5). We advise: Use some caution when travelling Czech Republic.,8/13/2024 8:21,https://www.travel-advisory.info/czech-republic,Travel with Caution,Czech Republic has a current risk level of 3.2 (out of 5). We advise: Use some caution when travelling Czech Republic.
Germany,EU,3,Germany has a current risk level of 3 (out of 5). We advise: Use some caution when travelling Germany.,8/13/2024 8:21,https://www.travel-advisory.info/germany,Travel with Caution,Germany has a current risk level of 3 (out of 5). We advise: Use some caution when travelling Germany.
Djibouti,AF,3.2,Djibouti has a current risk level of 3.2 (out of 5). We advise: Use some caution when travelling Djibouti.,8/13/2024 8:21,https://www.travel-advisory.info/djibouti,Travel with Caution,Djibouti has a current risk level of 3.2 (out of 5). We advise: Use some caution when travelling Djibouti.
Denmark,EU,3.2,Denmark has a current risk level of 3.2 (out of 5). We advise: Use some caution when travelling Denmark.,8/13/2024 8:21,https://www.travel-advisory.info/denmark,Travel with Caution,Denmark has a current risk level of 3.2 (out of 5). We advise: Use some caution when travelling Denmark.
Dominica,,2.5,Dominica has a current risk level of 2.5 (out of 5). We advise: Use some caution when travelling Dominica.,8/13/2024 8:21,https://www.travel-advisory.info/dominica,Travel with Caution,Dominica has a current risk level of 2.5 (out of 5). We advise: Use some caution when travelling Dominica.
Dominican Republic,,3,Dominican Republic has a current risk level of 3 (out of 5). We advise: Use some caution when travelling Dominican Republic.,8/13/2024 8:21,https://www.travel-advisory.info/dominican-republic,Travel with Caution,Dominican Republic has a current risk level of 3 (out of 5). We advise: Use some caution when travelling Dominican Republic.
Algeria,AF,3,Algeria has a current risk level of 3 (out of 5). We advise: Use some caution when travelling Algeria.,8/13/2024 8:21,https://www.travel-advisory.info/algeria,Travel with Caution,Algeria has a current risk level of 3 (out of 5). We advise: Use some caution when travelling Algeria.
Ecuador,SA,3.3,Ecuador has a current risk level of 3.3 (out of 5). We advise: Use some caution when travelling Ecuador.,8/13/2024 8:21,https://www.travel-advisory.info/ecuador,Travel with Caution,Ecuador has a current risk level of 3.3 (out of 5). We advise: Use some caution when travelling Ecuador.
Estonia,EU,2.6,Estonia has a current risk level of 2.6 (out of 5). We advise: Use some caution when travelling Estonia.,8/13/2024 8:21,https://www.travel-advisory.info/estonia,Travel with Caution,Estonia has a current risk level of 2.6 (out of 5). We advise: Use some caution when travelling Estonia.
Egypt,AF,3.4,Egypt has a current risk level of 3.4 (out of 5). We advise: Use some caution when travelling Egypt.,8/13/2024 8:21,https://www.travel-advisory.info/egypt,Travel with Caution,Egypt has a current risk level of 3.4 (out of 5). We advise: Use some caution when travelling Egypt.
Western Sahara,AF,0,Western Sahara has a current risk level of 0 (out of 5). We advise: Travelling Western Sahara is (relatively) safe.,8/13/2024 8:21,https://www.travel-advisory.info/western-sahara,Safe to Travel,Western Sahara has a current risk level of 0 (out of 5). We advise: Travelling Western Sahara is (relatively) safe.
Eritrea,AF,3.2,Eritrea has a current risk level of 3.2 (out of 5). We advise: Use some caution when travelling Eritrea.,8/13/2024 8:21,https://www.travel-advisory.info/eritrea,Travel with Caution,Eritrea has a current risk level of 3.2 (out of 5). We advise: Use some caution when travelling Eritrea.
Spain,EU,3,Spain has a current risk level of 3 (out of 5). We advise: Use some caution when travelling Spain.,8/13/2024 8:21,https://www.travel-advisory.info/spain,Travel with Caution,Spain has a current risk level of 3 (out of 5). We advise: Use some caution when travelling Spain.
Ethiopia,AF,3.5,Ethiopia has a current risk level of 3.5 (out of 5). We advise: Please reconsider your need to travel to Ethiopia.,8/13/2024 8:21,https://www.travel-advisory.info/ethiopia,Travel with Caution,Ethiopia has a current risk level of 3.5 (out of 5). We advise: Please reconsider your need to travel to Ethiopia.
Finland,EU,3,Finland has a current risk level of 3 (out of 5). We advise: Use some caution when travelling Finland.,8/13/2024 8:21,https://www.travel-advisory.info/finland,Travel with Caution,Finland has a current risk level of 3 (out of 5). We advise: Use some caution when travelling Finland.
Fiji,OC,3,Fiji has a current risk level of 3 (out of 5). We advise: Use some caution when travelling Fiji.,8/13/2024 8:21,https://www.travel-advisory.info/fiji,Travel with Caution,Fiji has a current risk level of 3 (out of 5). We advise: Use some caution when travelling Fiji.
Falkland Islands,SA,0,Falkland Islands has a current risk level of 0 (out of 5). We advise: Travelling Falkland Islands is (relatively) safe.,8/13/2024 8:21,https://www.travel-advisory.info/falkland-islands,Safe to Travel,Falkland Islands has a current risk level of 0 (out of 5). We advise: Travelling Falkland Islands is (relatively) safe.
Micronesia,OC,1,Micronesia has a current risk level of 1 (out of 5). We advise: Travelling Micronesia is (relatively) safe.,8/13/2024 8:21,https://www.travel-advisory.info/micronesia,Safe to Travel,Micronesia has a current risk level of 1 (out of 5). We advise: Travelling Micronesia is (relatively) safe.
Faroe Islands,EU,0,Faroe Islands has a current risk level of 0 (out of 5). We advise: Travelling Faroe Islands is (relatively) safe.,8/13/2024 8:21,https://www.travel-advisory.info/faroe-islands,Safe to Travel,Faroe Islands has a current risk level of 0 (out of 5). We advise: Travelling Faroe Islands is (relatively) safe.
France,EU,3,France has a current risk level of 3 (out of 5). We advise: Use some caution when travelling France.,8/13/2024 8:21,https://www.travel-advisory.info/france,Travel with Caution,France has a current risk level of 3 (out of 5). We advise: Use some caution when travelling France.
Gabon,AF,3.5,Gabon has a current risk level of 3.5 (out of 5). We advise: Please reconsider your need to travel to Gabon.,8/13/2024 8:21,https://www.travel-advisory.info/gabon,Travel with Caution,Gabon has a current risk level of 3.5 (out of 5). We advise: Please reconsider your need to travel to Gabon.
United Kingdom,EU,3,United Kingdom has a current risk level of 3 (out of 5). We advise: Use some caution when travelling United Kingdom.,8/13/2024 8:21,https://www.travel-advisory.info/united-kingdom,Travel with Caution,United Kingdom has a current risk level of 3 (out of 5). We advise: Use some caution when travelling United Kingdom.
Grenada,,2.5,Grenada has a current risk level of 2.5 (out of 5). We advise: Use some caution when travelling Grenada.,8/13/2024 8:21,https://www.travel-advisory.info/grenada,Travel with Caution,Grenada has a current risk level of 2.5 (out of 5). We advise: Use some caution when travelling Grenada.
Georgia,AS,3,Georgia has a current risk level of 3 (out of 5). We advise: Use some caution when travelling Georgia.,8/13/2024 8:21,https://www.travel-advisory.info/georgia,Travel with Caution,Georgia has a current risk level of 3 (out of 5). We advise: Use some caution when travelling Georgia.
French Guiana,SA,4,French Guiana has a current risk level of 4 (out of 5). We advise: Please reconsider your need to travel to French Guiana.,8/13/2024 8:21,https://www.travel-advisory.info/french-guiana,Not Recommended for Travel,French Guiana has a current risk level of 4 (out of 5). We advise: Please reconsider your need to travel to French Guiana.
Guernsey,EU,0,Guernsey has a current risk level of 0 (out of 5). We advise: Travelling Guernsey is (relatively) safe.,8/13/2024 8:21,https://www.travel-advisory.info/guernsey,Safe to Travel,Guernsey has a current risk level of 0 (out of 5). We advise: Travelling Guernsey is (relatively) safe.
Ghana,AF,3.4,Ghana has a current risk level of 3.4 (out of 5). We advise: Use some caution when travelling Ghana.,8/13/2024 8:21,https://www.travel-advisory.info/ghana,Travel with Caution,Ghana has a current risk level of 3.4 (out of 5). We advise: Use some caution when travelling Ghana.
Gibraltar,EU,0,Gibraltar has a current risk level of 0 (out of 5). We advise: Travelling Gibraltar is (relatively) safe.,8/13/2024 8:21,https://www.travel-advisory.info/gibraltar,Safe to Travel,Gibraltar has a current risk level of 0 (out of 5). We advise: Travelling Gibraltar is (relatively) safe.
Greenland,,0,Greenland has a current risk level of 0 (out of 5). We advise: Travelling Greenland is (relatively) safe.,8/13/2024 8:21,https://www.travel-advisory.info/greenland,Safe to Travel,Greenland has a current risk level of 0 (out of 5). We advise: Travelling Greenland is (relatively) safe.
Gambia,AF,2.8,Gambia has a current risk level of 2.8 (out of 5). We advise: Use some caution when travelling Gambia.,8/13/2024 8:21,https://www.travel-advisory.info/gambia,Travel with Caution,Gambia has a current risk level of 2.8 (out of 5). We advise: Use some caution when travelling Gambia.
Guinea,AF,4,Guinea has a current risk level of 4 (out of 5). We advise: Please reconsider your need to travel to Guinea.,8/13/2024 8:21,https://www.travel-advisory.info/guinea,Not Recommended for Travel,Guinea has a current risk level of 4 (out of 5). We advise: Please reconsider your need to travel to Guinea.
Guadeloupe,,4,Guadeloupe has a current risk level of 4 (out of 5). We advise: Please reconsider your need to travel to Guadeloupe.,8/13/2024 8:21,https://www.travel-advisory.info/guadeloupe,Not Recommended for Travel,Guadeloupe has a current risk level of 4 (out of 5). We advise: Please reconsider your need to travel to Guadeloupe.
Equatorial Guinea,AF,3,Equatorial Guinea has a current risk level of 3 (out of 5). We advise: Use some caution when travelling Equatorial Guinea.,8/13/2024 8:21,https://www.travel-advisory.info/equatorial-guinea,Travel with Caution,Equatorial Guinea has a current risk level of 3 (out of 5). We advise: Use some caution when travelling Equatorial Guinea.
Greece,EU,2.8,Greece has a current risk level of 2.8 (out of 5). We advise: Use some caution when travelling Greece.,8/13/2024 8:21,https://www.travel-advisory.info/greece,Travel with Caution,Greece has a current risk level of 2.8 (out of 5). We advise: Use some caution when travelling Greece.
South Georgia and the South Sandwich Islands,AN,0,South Georgia and the South Sandwich Islands has a current risk level of 0 (out of 5). We advise: Travelling South Georgia and the South Sandwich Islands is (relatively) safe.,8/13/2024 8:21,https://www.travel-advisory.info/south-georgia-and-the-south-sandwich-islands,Safe to Travel,South Georgia and the South Sandwich Islands has a current risk level of 0 (out of 5). We advise: Travelling South Georgia and the South Sandwich Islands is (relatively) safe.
Guatemala,,3.4,Guatemala has a current risk level of 3.4 (out of 5). We advise: Use some caution when travelling Guatemala.,8/13/2024 8:21,https://www.travel-advisory.info/guatemala,Travel with Caution,Guatemala has a current risk level of 3.4 (out of 5). We advise: Use some caution when travelling Guatemala.
Guam,OC,4,Guam has a current risk level of 4 (out of 5). We advise: Please reconsider your need to travel to Guam.,8/13/2024 8:21,https://www.travel-advisory.info/guam,Not Recommended for Travel,Guam has a current risk level of 4 (out of 5). We advise: Please reconsider your need to travel to Guam.
Guinea-Bissau,AF,3,Guinea-Bissau has a current risk level of 3 (out of 5). We advise: Use some caution when travelling Guinea-Bissau.,8/13/2024 8:21,https://www.travel-advisory.info/guinea-bissau,Travel with Caution,Guinea-Bissau has a current risk level of 3 (out of 5). We advise: Use some caution when travelling Guinea-Bissau.
Guyana,SA,4,Guyana has a current risk level of 4 (out of 5). We advise: Please reconsider your need to travel to Guyana.,8/13/2024 8:21,https://www.travel-advisory.info/guyana,Not Recommended for Travel,Guyana has a current risk level of 4 (out of 5). We advise: Please reconsider your need to travel to Guyana.
Hong Kong,AS,3.6,Hong Kong has a current risk level of 3.6 (out of 5). We advise: Please reconsider your need to travel to Hong Kong.,8/13/2024 8:21,https://www.travel-advisory.info/hong-kong,Travel with Caution,Hong Kong has a current risk level of 3.6 (out of 5). We advise: Please reconsider your need to travel to Hong Kong.
Honduras,,3.4,Honduras has a current risk level of 3.4 (out of 5). We advise: Use some caution when travelling Honduras.,8/13/2024 8:21,https://www.travel-advisory.info/honduras,Travel with Caution,Honduras has a current risk level of 3.4 (out of 5). We advise: Use some caution when travelling Honduras.
Croatia,EU,2.8,Croatia has a current risk level of 2.8 (out of 5). We advise: Use some caution when travelling Croatia.,8/13/2024 8:21,https://www.travel-advisory.info/croatia,Travel with Caution,Croatia has a current risk level of 2.8 (out of 5). We advise: Use some caution when travelling Croatia.
Haiti,,4.8,Haiti has a current risk level of 4.8 (out of 5). We advise: It is not safe to travel Haiti.,8/13/2024 8:21,https://www.travel-advisory.info/haiti,Not Recommended for Travel,Haiti has a current risk level of 4.8 (out of 5). We advise: It is not safe to travel Haiti.
Hungary,EU,2.8,Hungary has a current risk level of 2.8 (out of 5). We advise: Use some caution when travelling Hungary.,8/13/2024 8:21,https://www.travel-advisory.info/hungary,Travel with Caution,Hungary has a current risk level of 2.8 (out of 5). We advise: Use some caution when travelling Hungary.
Indonesia,AS,3.4,Indonesia has a current risk level of 3.4 (out of 5). We advise: Use some caution when travelling Indonesia.,8/13/2024 8:21,https://www.travel-advisory.info/indonesia,Travel with Caution,Indonesia has a current risk level of 3.4 (out of 5). We advise: Use some caution when travelling Indonesia.
Ireland,EU,2.5,Ireland has a current risk level of 2.5 (out of 5). We advise: Use some caution when travelling Ireland.,8/13/2024 8:21,https://www.travel-advisory.info/ireland,Travel with Caution,Ireland has a current risk level of 2.5 (out of 5). We advise: Use some caution when travelling Ireland.
Israel,AS,4.2,Israel has a current risk level of 4.2 (out of 5). We advise: Please reconsider your need to travel to Israel.,8/13/2024 8:21,https://www.travel-advisory.info/israel,Not Recommended for Travel,Israel has a current risk level of 4.2 (out of 5). We advise: Please reconsider your need to travel to Israel.
Isle of Man,EU,0,Isle of Man has a current risk level of 0 (out of 5). We advise: Travelling Isle of Man is (relatively) safe.,8/13/2024 8:21,https://www.travel-advisory.info/isle-of-man,Safe to Travel,Isle of Man has a current risk level of 0 (out of 5). We advise: Travelling Isle of Man is (relatively) safe.
India,AS,3.4,India has a current risk level of 3.4 (out of 5). We advise: Use some caution when travelling India.,8/13/2024 8:21,https://www.travel-advisory.info/india,Travel with Caution,India has a current risk level of 3.4 (out of 5). We advise: Use some caution when travelling India.
Iraq,AS,4.8,Iraq has a current risk level of 4.8 (out of 5). We advise: It is not safe to travel Iraq.,8/13/2024 8:21,https://www.travel-advisory.info/iraq,Not Recommended for Travel,Iraq has a current risk level of 4.8 (out of 5). We advise: It is not safe to travel Iraq.
Iran,AS,4.5,Iran has a current risk level of 4.5 (out of 5). We advise: It is not safe to travel Iran.,8/13/2024 8:21,https://www.travel-advisory.info/iran,Not Recommended for Travel,Iran has a current risk level of 4.5 (out of 5). We advise: It is not safe to travel Iran.
Iceland,EU,2.8,Iceland has a current risk level of 2.8 (out of 5). We advise: Use some caution when travelling Iceland.,8/13/2024 8:21,https://www.travel-advisory.info/iceland,Travel with Caution,Iceland has a current risk level of 2.8 (out of 5). We advise: Use some caution when travelling Iceland.
Italy,EU,3,Italy has a current risk level of 3 (out of 5). We advise: Use some caution when travelling Italy.,8/13/2024 8:21,https://www.travel-advisory.info/italy,Travel with Caution,Italy has a current risk level of 3 (out of 5). We advise: Use some caution when travelling Italy.
Jersey,EU,0,Jersey has a current risk level of 0 (out of 5). We advise: Travelling Jersey is (relatively) safe.,8/13/2024 8:21,https://www.travel-advisory.info/jersey,Safe to Travel,Jersey has a current risk level of 0 (out of 5). We advise: Travelling Jersey is (relatively) safe.
Jamaica,,3.8,Jamaica has a current risk level of 3.8 (out of 5). We advise: Please reconsider your need to travel to Jamaica.,8/13/2024 8:21,https://www.travel-advisory.info/jamaica,Travel with Caution,Jamaica has a current risk level of 3.8 (out of 5). We advise: Please reconsider your need to travel to Jamaica.
Jordan,AS,3.2,Jordan has a current risk level of 3.2 (out of 5). We advise: Use some caution when travelling Jordan.,8/13/2024 8:21,https://www.travel-advisory.info/jordan,Travel with Caution,Jordan has a current risk level of 3.2 (out of 5). We advise: Use some caution when travelling Jordan.
Japan,AS,2.8,Japan has a current risk level of 2.8 (out of 5). We advise: Use some caution when travelling Japan.,8/13/2024 8:21,https://www.travel-advisory.info/japan,Travel with Caution,Japan has a current risk level of 2.8 (out of 5). We advise: Use some caution when travelling Japan.
Kenya,AF,3.1,Kenya has a current risk level of 3.1 (out of 5). We advise: Use some caution when travelling Kenya.,8/13/2024 8:21,https://www.travel-advisory.info/kenya,Travel with Caution,Kenya has a current risk level of 3.1 (out of 5). We advise: Use some caution when travelling Kenya.
Kyrgyzstan,AS,2.3,Kyrgyzstan has a current risk level of 2.3 (out of 5). We advise: Travelling Kyrgyzstan is (relatively) safe.,8/13/2024 8:21,https://www.travel-advisory.info/kyrgyzstan,Travel with Caution,Kyrgyzstan has a current risk level of 2.3 (out of 5). We advise: Travelling Kyrgyzstan is (relatively) safe.
Cambodia,AS,3,Cambodia has a current risk level of 3 (out of 5). We advise: Use some caution when travelling Cambodia.,8/13/2024 8:21,https://www.travel-advisory.info/cambodia,Travel with Caution,Cambodia has a current risk level of 3 (out of 5). We advise: Use some caution when travelling Cambodia.
Kiribati,OC,1,Kiribati has a current risk level of 1 (out of 5). We advise: Travelling Kiribati is (relatively) safe.,8/13/2024 8:21,https://www.travel-advisory.info/kiribati,Safe to Travel,Kiribati has a current risk level of 1 (out of 5). We advise: Travelling Kiribati is (relatively) safe.
Comoros,AF,3,Comoros has a current risk level of 3 (out of 5). We advise: Use some caution when travelling Comoros.,8/13/2024 8:21,https://www.travel-advisory.info/comoros,Travel with Caution,Comoros has a current risk level of 3 (out of 5). We advise: Use some caution when travelling Comoros.
Saint Kitts and Nevis,,2.5,Saint Kitts and Nevis has a current risk level of 2.5 (out of 5). We advise: Use some caution when travelling Saint Kitts and Nevis.,8/13/2024 8:21,https://www.travel-advisory.info/saint-kitts-and-nevis,Travel with Caution,Saint Kitts and Nevis has a current risk level of 2.5 (out of 5). We advise: Use some caution when travelling Saint Kitts and Nevis.
North Korea,AS,4.4,North Korea has a current risk level of 4.4 (out of 5). We advise: Please reconsider your need to travel to North Korea.,8/13/2024 8:21,https://www.travel-advisory.info/north-korea,Not Recommended for Travel,North Korea has a current risk level of 4.4 (out of 5). We advise: Please reconsider your need to travel to North Korea.
South Korea,AS,2.3,South Korea has a current risk level of 2.3 (out of 5). We advise: Travelling South Korea is (relatively) safe.,8/13/2024 8:21,https://www.travel-advisory.info/south-korea,Travel with Caution,South Korea has a current risk level of 2.3 (out of 5). We advise: Travelling South Korea is (relatively) safe.
Kuwait,AS,3.2,Kuwait has a current risk level of 3.2 (out of 5). We advise: Use some caution when travelling Kuwait.,8/13/2024 8:21,https://www.travel-advisory.info/kuwait,Travel with Caution,Kuwait has a current risk level of 3.2 (out of 5). We advise: Use some caution when travelling Kuwait.
Cayman Islands,,2.5,Cayman Islands has a current risk level of 2.5 (out of 5). We advise: Use some caution when travelling Cayman Islands.,8/13/2024 8:21,https://www.travel-advisory.info/cayman-islands,Travel with Caution,Cayman Islands has a current risk level of 2.5 (out of 5). We advise: Use some caution when travelling Cayman Islands.
Kazakhstan,AS,3,Kazakhstan has a current risk level of 3 (out of 5). We advise: Use some caution when travelling Kazakhstan.,8/13/2024 8:21,https://www.travel-advisory.info/kazakhstan,Travel with Caution,Kazakhstan has a current risk level of 3 (out of 5). We advise: Use some caution when travelling Kazakhstan.
Laos,AS,3,Laos has a current risk level of 3 (out of 5). We advise: Use some caution when travelling Laos.,8/13/2024 8:21,https://www.travel-advisory.info/laos,Travel with Caution,Laos has a current risk level of 3 (out of 5). We advise: Use some caution when travelling Laos.
Lebanon,AS,4.2,Lebanon has a current risk level of 4.2 (out of 5). We advise: Please reconsider your need to travel to Lebanon.,8/13/2024 8:21,https://www.travel-advisory.info/lebanon,Not Recommended for Travel,Lebanon has a current risk level of 4.2 (out of 5). We advise: Please reconsider your need to travel to Lebanon.
Saint Lucia,,2.5,Saint Lucia has a current risk level of 2.5 (out of 5). We advise: Use some caution when travelling Saint Lucia.,8/13/2024 8:21,https://www.travel-advisory.info/saint-lucia,Travel with Caution,Saint Lucia has a current risk level of 2.5 (out of 5). We advise: Use some caution when travelling Saint Lucia.
Liechtenstein,EU,2.3,Liechtenstein has a current risk level of 2.3 (out of 5). We advise: Travelling Liechtenstein is (relatively) safe.,8/13/2024 8:21,https://www.travel-advisory.info/liechtenstein,Travel with Caution,Liechtenstein has a current risk level of 2.3 (out of 5). We advise: Travelling Liechtenstein is (relatively) safe.
Sri Lanka,AS,3.1,Sri Lanka has a current risk level of 3.1 (out of 5). We advise: Use some caution when travelling Sri Lanka.,8/13/2024 8:21,https://www.travel-advisory.info/sri-lanka,Travel with Caution,Sri Lanka has a current risk level of 3.1 (out of 5). We advise: Use some caution when travelling Sri Lanka.
Liberia,AF,3.5,Liberia has a current risk level of 3.5 (out of 5). We advise: Please reconsider your need to travel to Liberia.,8/13/2024 8:21,https://www.travel-advisory.info/liberia,Travel with Caution,Liberia has a current risk level of 3.5 (out of 5). We advise: Please reconsider your need to travel to Liberia.
Lesotho,AF,3,Lesotho has a current risk level of 3 (out of 5). We advise: Use some caution when travelling Lesotho.,8/13/2024 8:21,https://www.travel-advisory.info/lesotho,Travel with Caution,Lesotho has a current risk level of 3 (out of 5). We advise: Use some caution when travelling Lesotho.
Lithuania,EU,2.6,Lithuania has a current risk level of 2.6 (out of 5). We advise: Use some caution when travelling Lithuania.,8/13/2024 8:21,https://www.travel-advisory.info/lithuania,Travel with Caution,Lithuania has a current risk level of 2.6 (out of 5). We advise: Use some caution when travelling Lithuania.
Luxembourg,EU,2.3,Luxembourg has a current risk level of 2.3 (out of 5). We advise: Travelling Luxembourg is (relatively) safe.,8/13/2024 8:21,https://www.travel-advisory.info/luxembourg,Travel with Caution,Luxembourg has a current risk level of 2.3 (out of 5). We advise: Travelling Luxembourg is (relatively) safe.
Latvia,EU,2.6,Latvia has a current risk level of 2.6 (out of 5). We advise: Use some caution when travelling Latvia.,8/13/2024 8:21,https://www.travel-advisory.info/latvia,Travel with Caution,Latvia has a current risk level of 2.6 (out of 5). We advise: Use some caution when travelling Latvia.
Libya,AF,5,Libya has a current risk level of 5 (out of 5). We advise: It is not safe to travel Libya.,8/13/2024 8:21,https://www.travel-advisory.info/libya,Not Recommended for Travel,Libya has a current risk level of 5 (out of 5). We advise: It is not safe to travel Libya.
Morocco,AF,3,Morocco has a current risk level of 3 (out of 5). We advise: Use some caution when travelling Morocco.,8/13/2024 8:21,https://www.travel-advisory.info/morocco,Travel with Caution,Morocco has a current risk level of 3 (out of 5). We advise: Use some caution when travelling Morocco.
Monaco,EU,3,Monaco has a current risk level of 3 (out of 5). We advise: Use some caution when travelling Monaco.,8/13/2024 8:21,https://www.travel-advisory.info/monaco,Travel with Caution,Monaco has a current risk level of 3 (out of 5). We advise: Use some caution when travelling Monaco.
Moldova,EU,3,Moldova has a current risk level of 3 (out of 5). We advise: Use some caution when travelling Moldova.,8/13/2024 8:21,https://www.travel-advisory.info/moldova,Travel with Caution,Moldova has a current risk level of 3 (out of 5). We advise: Use some caution when travelling Moldova.
Montenegro,EU,3.2,Montenegro has a current risk level of 3.2 (out of 5). We advise: Use some caution when travelling Montenegro.,8/13/2024 8:21,https://www.travel-advisory.info/montenegro,Travel with Caution,Montenegro has a current risk level of 3.2 (out of 5). We advise: Use some caution when travelling Montenegro.
Saint Martin,,0,Saint Martin has a current risk level of 0 (out of 5). We advise: Travelling Saint Martin is (relatively) safe.,8/13/2024 8:21,https://www.travel-advisory.info/saint-martin,Safe to Travel,Saint Martin has a current risk level of 0 (out of 5). We advise: Travelling Saint Martin is (relatively) safe.
Madagascar,AF,3,Madagascar has a current risk level of 3 (out of 5). We advise: Use some caution when travelling Madagascar.,8/13/2024 8:21,https://www.travel-advisory.info/madagascar,Travel with Caution,Madagascar has a current risk level of 3 (out of 5). We advise: Use some caution when travelling Madagascar.
Marshall Islands,OC,3,Marshall Islands has a current risk level of 3 (out of 5). We advise: Use some caution when travelling Marshall Islands.,8/13/2024 8:21,https://www.travel-advisory.info/marshall-islands,Travel with Caution,Marshall Islands has a current risk level of 3 (out of 5). We advise: Use some caution when travelling Marshall Islands.
Macedonia,EU,2.3,Macedonia has a current risk level of 2.3 (out of 5). We advise: Travelling Macedonia is (relatively) safe.,8/13/2024 8:21,https://www.travel-advisory.info/macedonia,Travel with Caution,Macedonia has a current risk level of 2.3 (out of 5). We advise: Travelling Macedonia is (relatively) safe.
Mali,AF,4.6,Mali has a current risk level of 4.6 (out of 5). We advise: It is not safe to travel Mali.,8/13/2024 8:21,https://www.travel-advisory.info/mali,Not Recommended for Travel,Mali has a current risk level of 4.6 (out of 5). We advise: It is not safe to travel Mali.
Myanmar,AS,4.6,Myanmar has a current risk level of 4.6 (out of 5). We advise: It is not safe to travel Myanmar.,8/13/2024 8:21,https://www.travel-advisory.info/myanmar,Not Recommended for Travel,Myanmar has a current risk level of 4.6 (out of 5). We advise: It is not safe to travel Myanmar.
Mongolia,AS,2.8,Mongolia has a current risk level of 2.8 (out of 5). We advise: Use some caution when travelling Mongolia.,8/13/2024 8:21,https://www.travel-advisory.info/mongolia,Travel with Caution,Mongolia has a current risk level of 2.8 (out of 5). We advise: Use some caution when travelling Mongolia.
Macao,AS,3,Macao has a current risk level of 3 (out of 5). We advise: Use some caution when travelling Macao.,8/13/2024 8:21,https://www.travel-advisory.info/macao,Travel with Caution,Macao has a current risk level of 3 (out of 5). We advise: Use some caution when travelling Macao.
Northern Mariana Islands,OC,0,Northern Mariana Islands has a current risk level of 0 (out of 5). We advise: Travelling Northern Mariana Islands is (relatively) safe.,8/13/2024 8:21,https://www.travel-advisory.info/northern-mariana-islands,Safe to Travel,Northern Mariana Islands has a current risk level of 0 (out of 5). We advise: Travelling Northern Mariana Islands is (relatively) safe.
Martinique,,4,Martinique has a current risk level of 4 (out of 5). We advise: Please reconsider your need to travel to Martinique.,8/13/2024 8:21,https://www.travel-advisory.info/martinique,Not Recommended for Travel,Martinique has a current risk level of 4 (out of 5). We advise: Please reconsider your need to travel to Martinique.
Mauritania,AF,3.8,Mauritania has a current risk level of 3.8 (out of 5). We advise: Please reconsider your need to travel to Mauritania.,8/13/2024 8:21,https://www.travel-advisory.info/mauritania,Travel with Caution,Mauritania has a current risk level of 3.8 (out of 5). We advise: Please reconsider your need to travel to Mauritania.
Montserrat,,2.5,Montserrat has a current risk level of 2.5 (out of 5). We advise: Use some caution when travelling Montserrat.,8/13/2024 8:21,https://www.travel-advisory.info/montserrat,Travel with Caution,Montserrat has a current risk level of 2.5 (out of 5). We advise: Use some caution when travelling Montserrat.
Malta,EU,3,Malta has a current risk level of 3 (out of 5). We advise: Use some caution when travelling Malta.,8/13/2024 8:21,https://www.travel-advisory.info/malta,Travel with Caution,Malta has a current risk level of 3 (out of 5). We advise: Use some caution when travelling Malta.
Mauritius,AF,3,Mauritius has a current risk level of 3 (out of 5). We advise: Use some caution when travelling Mauritius.,8/13/2024 8:21,https://www.travel-advisory.info/mauritius,Travel with Caution,Mauritius has a current risk level of 3 (out of 5). We advise: Use some caution when travelling Mauritius.
Maldives,AS,3.4,Maldives has a current risk level of 3.4 (out of 5). We advise: Use some caution when travelling Maldives.,8/13/2024 8:21,https://www.travel-advisory.info/maldives,Travel with Caution,Maldives has a current risk level of 3.4 (out of 5). We advise: Use some caution when travelling Maldives.
Malawi,AF,3,Malawi has a current risk level of 3 (out of 5). We advise: Use some caution when travelling Malawi.,8/13/2024 8:21,https://www.travel-advisory.info/malawi,Travel with Caution,Malawi has a current risk level of 3 (out of 5). We advise: Use some caution when travelling Malawi.
Mexico,,3.6,Mexico has a current risk level of 3.6 (out of 5). We advise: Please reconsider your need to travel to Mexico.,8/13/2024 8:21,https://www.travel-advisory.info/mexico,Travel with Caution,Mexico has a current risk level of 3.6 (out of 5). We advise: Please reconsider your need to travel to Mexico.
Malaysia,AS,2.8,Malaysia has a current risk level of 2.8 (out of 5). We advise: Use some caution when travelling Malaysia.,8/13/2024 8:21,https://www.travel-advisory.info/malaysia,Travel with Caution,Malaysia has a current risk level of 2.8 (out of 5). We advise: Use some caution when travelling Malaysia.
Mozambique,AF,3,Mozambique has a current risk level of 3 (out of 5). We advise: Use some caution when travelling Mozambique.,8/13/2024 8:21,https://www.travel-advisory.info/mozambique,Travel with Caution,Mozambique has a current risk level of 3 (out of 5). We advise: Use some caution when travelling Mozambique.
Namibia,AF,3,Namibia has a current risk level of 3 (out of 5). We advise: Use some caution when travelling Namibia.,8/13/2024 8:21,https://www.travel-advisory.info/namibia,Travel with Caution,Namibia has a current risk level of 3 (out of 5). We advise: Use some caution when travelling Namibia.
New Caledonia,OC,4,New Caledonia has a current risk level of 4 (out of 5). We advise: Please reconsider your need to travel to New Caledonia.,8/13/2024 8:21,https://www.travel-advisory.info/new-caledonia,Not Recommended for Travel,New Caledonia has a current risk level of 4 (out of 5). We advise: Please reconsider your need to travel to New Caledonia.
Niger,AF,4.7,Niger has a current risk level of 4.7 (out of 5). We advise: It is not safe to travel Niger.,8/13/2024 8:21,https://www.travel-advisory.info/niger,Not Recommended for Travel,Niger has a current risk level of 4.7 (out of 5). We advise: It is not safe to travel Niger.
Norfolk Island,OC,0,Norfolk Island has a current risk level of 0 (out of 5). We advise: Travelling Norfolk Island is (relatively) safe.,8/13/2024 8:21,https://www.travel-advisory.info/norfolk-island,Safe to Travel,Norfolk Island has a current risk level of 0 (out of 5). We advise: Travelling Norfolk Island is (relatively) safe.
Nigeria,AF,3.8,Nigeria has a current risk level of 3.8 (out of 5). We advise: Please reconsider your need to travel to Nigeria.,8/13/2024 8:21,https://www.travel-advisory.info/nigeria,Travel with Caution,Nigeria has a current risk level of 3.8 (out of 5). We advise: Please reconsider your need to travel to Nigeria.
Nicaragua,,3.6,Nicaragua has a current risk level of 3.6 (out of 5). We advise: Please reconsider your need to travel to Nicaragua.,8/13/2024 8:21,https://www.travel-advisory.info/nicaragua,Travel with Caution,Nicaragua has a current risk level of 3.6 (out of 5). We advise: Please reconsider your need to travel to Nicaragua.
Netherlands,EU,3.3,Netherlands has a current risk level of 3.3 (out of 5). We advise: Use some caution when travelling Netherlands.,8/13/2024 8:21,https://www.travel-advisory.info/netherlands,Travel with Caution,Netherlands has a current risk level of 3.3 (out of 5). We advise: Use some caution when travelling Netherlands.
Norway,EU,2.8,Norway has a current risk level of 2.8 (out of 5). We advise: Use some caution when travelling Norway.,8/13/2024 8:21,https://www.travel-advisory.info/norway,Travel with Caution,Norway has a current risk level of 2.8 (out of 5). We advise: Use some caution when travelling Norway.
Nepal,AS,3.3,Nepal has a current risk level of 3.3 (out of 5). We advise: Use some caution when travelling Nepal.,8/13/2024 8:21,https://www.travel-advisory.info/nepal,Travel with Caution,Nepal has a current risk level of 3.3 (out of 5). We advise: Use some caution when travelling Nepal.
Niue,OC,0,Niue has a current risk level of 0 (out of 5). We advise: Travelling Niue is (relatively) safe.,8/13/2024 8:21,https://www.travel-advisory.info/niue,Safe to Travel,Niue has a current risk level of 0 (out of 5). We advise: Travelling Niue is (relatively) safe.
New Zealand,OC,3,New Zealand has a current risk level of 3 (out of 5). We advise: Use some caution when travelling New Zealand.,8/13/2024 8:21,https://www.travel-advisory.info/new-zealand,Travel with Caution,New Zealand has a current risk level of 3 (out of 5). We advise: Use some caution when travelling New Zealand.
Oman,AS,3,Oman has a current risk level of 3 (out of 5). We advise: Use some caution when travelling Oman.,8/13/2024 8:21,https://www.travel-advisory.info/oman,Travel with Caution,Oman has a current risk level of 3 (out of 5). We advise: Use some caution when travelling Oman.
Panama,,3,Panama has a current risk level of 3 (out of 5). We advise: Use some caution when travelling Panama.,8/13/2024 8:21,https://www.travel-advisory.info/panama,Travel with Caution,Panama has a current risk level of 3 (out of 5). We advise: Use some caution when travelling Panama.
Peru,SA,3.3,Peru has a current risk level of 3.3 (out of 5). We advise: Use some caution when travelling Peru.,8/13/2024 8:21,https://www.travel-advisory.info/peru,Travel with Caution,Peru has a current risk level of 3.3 (out of 5). We advise: Use some caution when travelling Peru.
French Polynesia,OC,3,French Polynesia has a current risk level of 3 (out of 5). We advise: Use some caution when travelling French Polynesia.,8/13/2024 8:21,https://www.travel-advisory.info/french-polynesia,Travel with Caution,French Polynesia has a current risk level of 3 (out of 5). We advise: Use some caution when travelling French Polynesia.
Papua New Guinea,OC,3.8,Papua New Guinea has a current risk level of 3.8 (out of 5). We advise: Please reconsider your need to travel to Papua New Guinea.,8/13/2024 8:21,https://www.travel-advisory.info/papua-new-guinea,Travel with Caution,Papua New Guinea has a current risk level of 3.8 (out of 5). We advise: Please reconsider your need to travel to Papua New Guinea.
Philippines,AS,3.1,Philippines has a current risk level of 3.1 (out of 5). We advise: Use some caution when travelling Philippines.,8/13/2024 8:21,https://www.travel-advisory.info/philippines,Travel with Caution,Philippines has a current risk level of 3.1 (out of 5). We advise: Use some caution when travelling Philippines.
Pakistan,AS,3.8,Pakistan has a current risk level of 3.8 (out of 5). We advise: Please reconsider your need to travel to Pakistan.,8/13/2024 8:21,https://www.travel-advisory.info/pakistan,Travel with Caution,Pakistan has a current risk level of 3.8 (out of 5). We advise: Please reconsider your need to travel to Pakistan.
Poland,EU,2.8,Poland has a current risk level of 2.8 (out of 5). We advise: Use some caution when travelling Poland.,8/13/2024 8:21,https://www.travel-advisory.info/poland,Travel with Caution,Poland has a current risk level of 2.8 (out of 5). We advise: Use some caution when travelling Poland.
Saint Pierre and Miquelon,,0,Saint Pierre and Miquelon has a current risk level of 0 (out of 5). We advise: Travelling Saint Pierre and Miquelon is (relatively) safe.,8/13/2024 8:21,https://www.travel-advisory.info/saint-pierre-and-miquelon,Safe to Travel,Saint Pierre and Miquelon has a current risk level of 0 (out of 5). We advise: Travelling Saint Pierre and Miquelon is (relatively) safe.
Pitcairn,OC,0,Pitcairn has a current risk level of 0 (out of 5). We advise: Travelling Pitcairn is (relatively) safe.,8/13/2024 8:21,https://www.travel-advisory.info/pitcairn,Safe to Travel,Pitcairn has a current risk level of 0 (out of 5). We advise: Travelling Pitcairn is (relatively) safe.
Puerto Rico,,4,Puerto Rico has a current risk level of 4 (out of 5). We advise: Please reconsider your need to travel to Puerto Rico.,8/13/2024 8:21,https://www.travel-advisory.info/puerto-rico,Not Recommended for Travel,Puerto Rico has a current risk level of 4 (out of 5). We advise: Please reconsider your need to travel to Puerto Rico.
Palestinian Territory,AS,4,Palestinian Territory has a current risk level of 4 (out of 5). We advise: Please reconsider your need to travel to Palestinian Territory.,8/13/2024 8:21,https://www.travel-advisory.info/palestinian-territory,Not Recommended for Travel,Palestinian Territory has a current risk level of 4 (out of 5). We advise: Please reconsider your need to travel to Palestinian Territory.
Portugal,EU,2.8,Portugal has a current risk level of 2.8 (out of 5). We advise: Use some caution when travelling Portugal.,8/13/2024 8:21,https://www.travel-advisory.info/portugal,Travel with Caution,Portugal has a current risk level of 2.8 (out of 5). We advise: Use some caution when travelling Portugal.
Palau,OC,3,Palau has a current risk level of 3 (out of 5). We advise: Use some caution when travelling Palau.,8/13/2024 8:21,https://www.travel-advisory.info/palau,Travel with Caution,Palau has a current risk level of 3 (out of 5). We advise: Use some caution when travelling Palau.
Paraguay,SA,3,Paraguay has a current risk level of 3 (out of 5). We advise: Use some caution when travelling Paraguay.,8/13/2024 8:21,https://www.travel-advisory.info/paraguay,Travel with Caution,Paraguay has a current risk level of 3 (out of 5). We advise: Use some caution when travelling Paraguay.
Qatar,AS,3,Qatar has a current risk level of 3 (out of 5). We advise: Use some caution when travelling Qatar.,8/13/2024 8:21,https://www.travel-advisory.info/qatar,Travel with Caution,Qatar has a current risk level of 3 (out of 5). We advise: Use some caution when travelling Qatar.
Reunion,AF,4,Reunion has a current risk level of 4 (out of 5). We advise: Please reconsider your need to travel to Reunion.,8/13/2024 8:21,https://www.travel-advisory.info/reunion,Not Recommended for Travel,Reunion has a current risk level of 4 (out of 5). We advise: Please reconsider your need to travel to Reunion.
Romania,EU,3.2,Romania has a current risk level of 3.2 (out of 5). We advise: Use some caution when travelling Romania.,8/13/2024 8:21,https://www.travel-advisory.info/romania,Travel with Caution,Romania has a current risk level of 3.2 (out of 5). We advise: Use some caution when travelling Romania.
Serbia,EU,3.4,Serbia has a current risk level of 3.4 (out of 5). We advise: Use some caution when travelling Serbia.,8/13/2024 8:21,https://www.travel-advisory.info/serbia,Travel with Caution,Serbia has a current risk level of 3.4 (out of 5). We advise: Use some caution when travelling Serbia.
Russia,EU,4.4,Russia has a current risk level of 4.4 (out of 5). We advise: Please reconsider your need to travel to Russia.,8/13/2024 8:21,https://www.travel-advisory.info/russia,Not Recommended for Travel,Russia has a current risk level of 4.4 (out of 5). We advise: Please reconsider your need to travel to Russia.
Rwanda,AF,3,Rwanda has a current risk level of 3 (out of 5). We advise: Use some caution when travelling Rwanda.,8/13/2024 8:21,https://www.travel-advisory.info/rwanda,Travel with Caution,Rwanda has a current risk level of 3 (out of 5). We advise: Use some caution when travelling Rwanda.
Saudi Arabia,AS,3.2,Saudi Arabia has a current risk level of 3.2 (out of 5). We advise: Use some caution when travelling Saudi Arabia.,8/13/2024 8:21,https://www.travel-advisory.info/saudi-arabia,Travel with Caution,Saudi Arabia has a current risk level of 3.2 (out of 5). We advise: Use some caution when travelling Saudi Arabia.
Solomon Islands,OC,3.3,Solomon Islands has a current risk level of 3.3 (out of 5). We advise: Use some caution when travelling Solomon Islands.,8/13/2024 8:21,https://www.travel-advisory.info/solomon-islands,Travel with Caution,Solomon Islands has a current risk level of 3.3 (out of 5). We advise: Use some caution when travelling Solomon Islands.
Seychelles,AF,3,Seychelles has a current risk level of 3 (out of 5). We advise: Use some caution when travelling Seychelles.,8/13/2024 8:21,https://www.travel-advisory.info/seychelles,Travel with Caution,Seychelles has a current risk level of 3 (out of 5). We advise: Use some caution when travelling Seychelles.
Sudan,AF,4.7,Sudan has a current risk level of 4.7 (out of 5). We advise: It is not safe to travel Sudan.,8/13/2024 8:21,https://www.travel-advisory.info/sudan,Not Recommended for Travel,Sudan has a current risk level of 4.7 (out of 5). We advise: It is not safe to travel Sudan.
Sweden,EU,3.5,Sweden has a current risk level of 3.5 (out of 5). We advise: Please reconsider your need to travel to Sweden.,8/13/2024 8:21,https://www.travel-advisory.info/sweden,Travel with Caution,Sweden has a current risk level of 3.5 (out of 5). We advise: Please reconsider your need to travel to Sweden.
Singapore,AS,2.8,Singapore has a current risk level of 2.8 (out of 5). We advise: Use some caution when travelling Singapore.,8/13/2024 8:21,https://www.travel-advisory.info/singapore,Travel with Caution,Singapore has a current risk level of 2.8 (out of 5). We advise: Use some caution when travelling Singapore.
Saint Helena,AF,0,Saint Helena has a current risk level of 0 (out of 5). We advise: Travelling Saint Helena is (relatively) safe.,8/13/2024 8:21,https://www.travel-advisory.info/saint-helena,Safe to Travel,Saint Helena has a current risk level of 0 (out of 5). We advise: Travelling Saint Helena is (relatively) safe.
Slovenia,EU,3,Slovenia has a current risk level of 3 (out of 5). We advise: Use some caution when travelling Slovenia.,8/13/2024 8:21,https://www.travel-advisory.info/slovenia,Travel with Caution,Slovenia has a current risk level of 3 (out of 5). We advise: Use some caution when travelling Slovenia.
Svalbard and Jan Mayen,EU,0,Svalbard and Jan Mayen has a current risk level of 0 (out of 5). We advise: Travelling Svalbard and Jan Mayen is (relatively) safe.,8/13/2024 8:21,https://www.travel-advisory.info/svalbard-and-jan-mayen,Safe to Travel,Svalbard and Jan Mayen has a current risk level of 0 (out of 5). We advise: Travelling Svalbard and Jan Mayen is (relatively) safe.
Slovakia,EU,3,Slovakia has a current risk level of 3 (out of 5). We advise: Use some caution when travelling Slovakia.,8/13/2024 8:21,https://www.travel-advisory.info/slovakia,Travel with Caution,Slovakia has a current risk level of 3 (out of 5). We advise: Use some caution when travelling Slovakia.
Sierra Leone,AF,3.5,Sierra Leone has a current risk level of 3.5 (out of 5). We advise: Please reconsider your need to travel to Sierra Leone.,8/13/2024 8:21,https://www.travel-advisory.info/sierra-leone,Travel with Caution,Sierra Leone has a current risk level of 3.5 (out of 5). We advise: Please reconsider your need to travel to Sierra Leone.
San Marino,EU,5,San Marino has a current risk level of 5 (out of 5). We advise: It is not safe to travel San Marino.,8/13/2024 8:21,https://www.travel-advisory.info/san-marino,Not Recommended for Travel,San Marino has a current risk level of 5 (out of 5). We advise: It is not safe to travel San Marino.
Senegal,AF,3.6,Senegal has a current risk level of 3.6 (out of 5). We advise: Please reconsider your need to travel to Senegal.,8/13/2024 8:21,https://www.travel-advisory.info/senegal,Travel with Caution,Senegal has a current risk level of 3.6 (out of 5). We advise: Please reconsider your need to travel to Senegal.
Somalia,AF,5,Somalia has a current risk level of 5 (out of 5). We advise: It is not safe to travel Somalia.,8/13/2024 8:21,https://www.travel-advisory.info/somalia,Not Recommended for Travel,Somalia has a current risk level of 5 (out of 5). We advise: It is not safe to travel Somalia.
Suriname,SA,2.5,Suriname has a current risk level of 2.5 (out of 5). We advise: Use some caution when travelling Suriname.,8/13/2024 8:21,https://www.travel-advisory.info/suriname,Travel with Caution,Suriname has a current risk level of 2.5 (out of 5). We advise: Use some caution when travelling Suriname.
South Sudan,AF,5,South Sudan has a current risk level of 5 (out of 5). We advise: It is not safe to travel South Sudan.,8/13/2024 8:21,https://www.travel-advisory.info/south-sudan,Not Recommended for Travel,South Sudan has a current risk level of 5 (out of 5). We advise: It is not safe to travel South Sudan.
Sao Tome and Principe,AF,2.5,Sao Tome and Principe has a current risk level of 2.5 (out of 5). We advise: Use some caution when travelling Sao Tome and Principe.,8/13/2024 8:21,https://www.travel-advisory.info/sao-tome-and-principe,Travel with Caution,Sao Tome and Principe has a current risk level of 2.5 (out of 5). We advise: Use some caution when travelling Sao Tome and Principe.
El Salvador,,3.3,El Salvador has a current risk level of 3.3 (out of 5). We advise: Use some caution when travelling El Salvador.,8/13/2024 8:21,https://www.travel-advisory.info/el-salvador,Travel with Caution,El Salvador has a current risk level of 3.3 (out of 5). We advise: Use some caution when travelling El Salvador.
Syria,AS,5,Syria has a current risk level of 5 (out of 5). We advise: It is not safe to travel Syria.,8/13/2024 8:21,https://www.travel-advisory.info/syria,Not Recommended for Travel,Syria has a current risk level of 5 (out of 5). We advise: It is not safe to travel Syria.
Swaziland,AF,2.7,Swaziland has a current risk level of 2.7 (out of 5). We advise: Use some caution when travelling Swaziland.,8/13/2024 8:21,https://www.travel-advisory.info/swaziland,Travel with Caution,Swaziland has a current risk level of 2.7 (out of 5). We advise: Use some caution when travelling Swaziland.
Turks and Caicos Islands,,3,Turks and Caicos Islands has a current risk level of 3 (out of 5). We advise: Use some caution when travelling Turks and Caicos Islands.,8/13/2024 8:21,https://www.travel-advisory.info/turks-and-caicos-islands,Travel with Caution,Turks and Caicos Islands has a current risk level of 3 (out of 5). We advise: Use some caution when travelling Turks and Caicos Islands.
Chad,AF,3.7,Chad has a current risk level of 3.7 (out of 5). We advise: Please reconsider your need to travel to Chad.,8/13/2024 8:21,https://www.travel-advisory.info/chad,Travel with Caution,Chad has a current risk level of 3.7 (out of 5). We advise: Please reconsider your need to travel to Chad.
Togo,AF,2.5,Togo has a current risk level of 2.5 (out of 5). We advise: Use some caution when travelling Togo.,8/13/2024 8:21,https://www.travel-advisory.info/togo,Travel with Caution,Togo has a current risk level of 2.5 (out of 5). We advise: Use some caution when travelling Togo.
Thailand,AS,2.7,Thailand has a current risk level of 2.7 (out of 5). We advise: Use some caution when travelling Thailand.,8/13/2024 8:21,https://www.travel-advisory.info/thailand,Travel with Caution,Thailand has a current risk level of 2.7 (out of 5). We advise: Use some caution when travelling Thailand.
Tajikistan,AS,3,Tajikistan has a current risk level of 3 (out of 5). We advise: Use some caution when travelling Tajikistan.,8/13/2024 8:21,https://www.travel-advisory.info/tajikistan,Travel with Caution,Tajikistan has a current risk level of 3 (out of 5). We advise: Use some caution when travelling Tajikistan.
East Timor,OC,3.2,East Timor has a current risk level of 3.2 (out of 5). We advise: Use some caution when travelling East Timor.,8/13/2024 8:21,https://www.travel-advisory.info/east-timor,Travel with Caution,East Timor has a current risk level of 3.2 (out of 5). We advise: Use some caution when travelling East Timor.
Turkmenistan,AS,2.6,Turkmenistan has a current risk level of 2.6 (out of 5). We advise: Use some caution when travelling Turkmenistan.,8/13/2024 8:21,https://www.travel-advisory.info/turkmenistan,Travel with Caution,Turkmenistan has a current risk level of 2.6 (out of 5). We advise: Use some caution when travelling Turkmenistan.
Tunisia,AF,3,Tunisia has a current risk level of 3 (out of 5). We advise: Use some caution when travelling Tunisia.,8/13/2024 8:21,https://www.travel-advisory.info/tunisia,Travel with Caution,Tunisia has a current risk level of 3 (out of 5). We advise: Use some caution when travelling Tunisia.
Tonga,OC,2.5,Tonga has a current risk level of 2.5 (out of 5). We advise: Use some caution when travelling Tonga.,8/13/2024 8:21,https://www.travel-advisory.info/tonga,Travel with Caution,Tonga has a current risk level of 2.5 (out of 5). We advise: Use some caution when travelling Tonga.
Turkey,AS,3.5,Turkey has a current risk level of 3.5 (out of 5). We advise: Please reconsider your need to travel to Turkey.,8/13/2024 8:21,https://www.travel-advisory.info/turkey,Travel with Caution,Turkey has a current risk level of 3.5 (out of 5). We advise: Please reconsider your need to travel to Turkey.
Trinidad and Tobago,,3.8,Trinidad and Tobago has a current risk level of 3.8 (out of 5). We advise: Please reconsider your need to travel to Trinidad and Tobago.,8/13/2024 8:21,https://www.travel-advisory.info/trinidad-and-tobago,Travel with Caution,Trinidad and Tobago has a current risk level of 3.8 (out of 5). We advise: Please reconsider your need to travel to Trinidad and Tobago.
Tuvalu,OC,1,Tuvalu has a current risk level of 1 (out of 5). We advise: Travelling Tuvalu is (relatively) safe.,8/13/2024 8:21,https://www.travel-advisory.info/tuvalu,Safe to Travel,Tuvalu has a current risk level of 1 (out of 5). We advise: Travelling Tuvalu is (relatively) safe.
Taiwan,AS,2.7,Taiwan has a current risk level of 2.7 (out of 5). We advise: Use some caution when travelling Taiwan.,8/13/2024 8:21,https://www.travel-advisory.info/taiwan,Travel with Caution,Taiwan has a current risk level of 2.7 (out of 5). We advise: Use some caution when travelling Taiwan.
Tanzania,AF,3,Tanzania has a current risk level of 3 (out of 5). We advise: Use some caution when travelling Tanzania.,8/13/2024 8:21,https://www.travel-advisory.info/tanzania,Travel with Caution,Tanzania has a current risk level of 3 (out of 5). We advise: Use some caution when travelling Tanzania.
Ukraine,EU,4.7,Ukraine has a current risk level of 4.7 (out of 5). We advise: It is not safe to travel Ukraine.,8/13/2024 8:21,https://www.travel-advisory.info/ukraine,Not Recommended for Travel,Ukraine has a current risk level of 4.7 (out of 5). We advise: It is not safe to travel Ukraine.
Uganda,AF,3.5,Uganda has a current risk level of 3.5 (out of 5). We advise: Please reconsider your need to travel to Uganda.,8/13/2024 8:21,https://www.travel-advisory.info/uganda,Travel with Caution,Uganda has a current risk level of 3.5 (out of 5). We advise: Please reconsider your need to travel to Uganda.
United States,,2.7,United States has a current risk level of 2.7 (out of 5). We advise: Use some caution when travelling United States.,8/13/2024 8:21,https://www.travel-advisory.info/united-states,Travel with Caution,United States has a current risk level of 2.7 (out of 5). We advise: Use some caution when travelling United States.
Uruguay,SA,3.3,Uruguay has a current risk level of 3.3 (out of 5). We advise: Use some caution when travelling Uruguay.,8/13/2024 8:21,https://www.travel-advisory.info/uruguay,Travel with Caution,Uruguay has a current risk level of 3.3 (out of 5). We advise: Use some caution when travelling Uruguay.
Uzbekistan,AS,3,Uzbekistan has a current risk level of 3 (out of 5). We advise: Use some caution when travelling Uzbekistan.,8/13/2024 8:21,https://www.travel-advisory.info/uzbekistan,Travel with Caution,Uzbekistan has a current risk level of 3 (out of 5). We advise: Use some caution when travelling Uzbekistan.
Vatican,EU,5,Vatican has a current risk level of 5 (out of 5). We advise: It is not safe to travel Vatican.,8/13/2024 8:21,https://www.travel-advisory.info/vatican,Not Recommended for Travel,Vatican has a current risk level of 5 (out of 5). We advise: It is not safe to travel Vatican.
Saint Vincent and the Grenadines,,2.5,Saint Vincent and the Grenadines has a current risk level of 2.5 (out of 5). We advise: Use some caution when travelling Saint Vincent and the Grenadines.,8/13/2024 8:21,https://www.travel-advisory.info/saint-vincent-and-the-grenadines,Travel with Caution,Saint Vincent and the Grenadines has a current risk level of 2.5 (out of 5). We advise: Use some caution when travelling Saint Vincent and the Grenadines.
Venezuela,SA,4.1,Venezuela has a current risk level of 4.1 (out of 5). We advise: Please reconsider your need to travel to Venezuela.,8/13/2024 8:21,https://www.travel-advisory.info/venezuela,Not Recommended for Travel,Venezuela has a current risk level of 4.1 (out of 5). We advise: Please reconsider your need to travel to Venezuela.
British Virgin Islands,,2.5,British Virgin Islands has a current risk level of 2.5 (out of 5). We advise: Use some caution when travelling British Virgin Islands.,8/13/2024 8:21,https://www.travel-advisory.info/british-virgin-islands,Travel with Caution,British Virgin Islands has a current risk level of 2.5 (out of 5). We advise: Use some caution when travelling British Virgin Islands.
U.S. Virgin Islands,,4,U.S. Virgin Islands has a current risk level of 4 (out of 5). We advise: Please reconsider your need to travel to U.S. Virgin Islands.,8/13/2024 8:21,https://www.travel-advisory.info/us-virgin-islands,Not Recommended for Travel,U.S. Virgin Islands has a current risk level of 4 (out of 5). We advise: Please reconsider your need to travel to U.S. Virgin Islands.
Vietnam,AS,2.7,Vietnam has a current risk level of 2.7 (out of 5). We advise: Use some caution when travelling Vietnam.,8/13/2024 8:21,https://www.travel-advisory.info/vietnam,Travel with Caution,Vietnam has a current risk level of 2.7 (out of 5). We advise: Use some caution when travelling Vietnam.
Vanuatu,OC,3,Vanuatu has a current risk level of 3 (out of 5). We advise: Use some caution when travelling Vanuatu.,8/13/2024 8:21,https://www.travel-advisory.info/vanuatu,Travel with Caution,Vanuatu has a current risk level of 3 (out of 5). We advise: Use some caution when travelling Vanuatu.
Wallis and Futuna,OC,0,Wallis and Futuna has a current risk level of 0 (out of 5). We advise: Travelling Wallis and Futuna is (relatively) safe.,8/13/2024 8:21,https://www.travel-advisory.info/wallis-and-futuna,Safe to Travel,Wallis and Futuna has a current risk level of 0 (out of 5). We advise: Travelling Wallis and Futuna is (relatively) safe.
Samoa,OC,3,Samoa has a current risk level of 3 (out of 5). We advise: Use some caution when travelling Samoa.,8/13/2024 8:21,https://www.travel-advisory.info/samoa,Travel with Caution,Samoa has a current risk level of 3 (out of 5). We advise: Use some caution when travelling Samoa.
Kosovo,EU,3.6,Kosovo has a current risk level of 3.6 (out of 5). We advise: Please reconsider your need to travel to Kosovo.,8/13/2024 8:21,https://www.travel-advisory.info/kosovo,Travel with Caution,Kosovo has a current risk level of 3.6 (out of 5). We advise: Please reconsider your need to travel to Kosovo.
Yemen,AS,5,Yemen has a current risk level of 5 (out of 5). We advise: It is not safe to travel Yemen.,8/13/2024 8:21,https://www.travel-advisory.info/yemen,Not Recommended for Travel,Yemen has a current risk level of 5 (out of 5). We advise: It is not safe to travel Yemen.
Mayotte,AF,3.5,Mayotte has a current risk level of 3.5 (out of 5). We advise: Please reconsider your need to travel to Mayotte.,8/13/2024 8:21,https://www.travel-advisory.info/mayotte,Travel with Caution,Mayotte has a current risk level of 3.5 (out of 5). We advise: Please reconsider your need to travel to Mayotte.
South Africa,AF,3.4,South Africa has a current risk level of 3.4 (out of 5). We advise: Use some caution when travelling South Africa.,8/13/2024 8:21,https://www.travel-advisory.info/south-africa,Travel with Caution,South Africa has a current risk level of 3.4 (out of 5). We advise: Use some caution when travelling South Africa.
Zambia,AF,3,Zambia has a current risk level of 3 (out of 5). We advise: Use some caution when travelling Zambia.,8/13/2024 8:21,https://www.travel-advisory.info/zambia,Travel with Caution,Zambia has a current risk level of 3 (out of 5). We advise: Use some caution when travelling Zambia.
Zimbabwe,AF,3.2,Zimbabwe has a current risk level of 3.2 (out of 5). We advise: Use some caution when travelling Zimbabwe.,8/13/2024 8:21,https://www.travel-advisory.info/zimbabwe,Travel with Caution,Zimbabwe has a current risk level of 3.2 (out of 5). We advise: Use some caution when travelling Zimbabwe.
